,Suburb,Suburb Latitude,Suburb Longitude,Venue,Venue Latitude,Venue Longitude,Venue Category
0,Churton park,-41.2089378,174.8071379,Simmer,-41.20263441921184,174.8078525405957,Café
1,Churton park,-41.2089378,174.8071379,Cafe Thyme,-41.20584269635547,174.81201329601154,Café
2,Churton park,-41.2089378,174.8071379,New World,-41.20301769856738,174.8079138238545,Supermarket
3,Churton park,-41.2089378,174.8071379,Twigland Gardeners World,-41.205633,174.812385,Garden Center
4,Churton park,-41.2089378,174.8071379,Takeaways @ Churton,-41.20243164314638,174.80786195082754,Fish & Chips Shop
5,Glenside,-41.2060966,174.8124594,Simmer,-41.20263441921184,174.8078525405957,Café
6,Glenside,-41.2060966,174.8124594,Cafe Thyme,-41.20584269635547,174.81201329601154,Café
7,Glenside,-41.2060966,174.8124594,New World,-41.20301769856738,174.8079138238545,Supermarket
8,Glenside,-41.2060966,174.8124594,Twigland Gardeners World,-41.205633,174.812385,Garden Center
9,Glenside,-41.2060966,174.8124594,Takeaways @ Churton,-41.20243164314638,174.80786195082754,Fish & Chips Shop
10,Glenside,-41.2060966,174.8124594,Mark Avenue Park,-41.208155,174.819909,Park
11,Grenada north,-41.1862047,174.8379512,Grenada North Park,-41.186933,174.838838,Park
12,Grenada north,-41.1862047,174.8379512,Grenada Cricket Pitch 4A,-41.187937,174.838937,Cricket Ground
13,Grenada north,-41.1862047,174.8379512,TAG Paintball,-41.18386831729976,174.8394453111431,Paintball Field
14,Grenada north,-41.1862047,174.8379512,Printtastic,-41.180934,174.837395,Print Shop
15,Grenada north,-41.1862047,174.8379512,Countdown,-41.1866019262129,174.8309396100461,Supermarket
16,Horokiwi,-41.2009487,174.8459821,Trickle Creek,-41.201181,174.846172,River
17,Horokiwi,-41.2009487,174.8459821,Peacefull Rural Retreat,-41.195448,174.846494,Hotel
18,Johnsonville,-41.2203388,174.8027606,BurgerFuel,-41.224977,174.807472,Burger Joint
19,Johnsonville,-41.2203388,174.8027606,1841,-41.22470358977505,174.80754010915004,Bar
20,Johnsonville,-41.2203388,174.8027606,Countdown,-41.22264556638728,174.80562465230713,Supermarket
21,Johnsonville,-41.2203388,174.8027606,Nando's,-41.22436251513959,174.80642305906247,Portuguese Restaurant
22,Johnsonville,-41.2203388,174.8027606,Cityfitness Johnsonville,-41.22438632502109,174.8064817635628,Gym
23,Johnsonville,-41.2203388,174.8027606,KFC,-41.22185598187468,174.80784546006342,Fast Food Restaurant
24,Johnsonville,-41.2203388,174.8027606,The Warehouse,-41.22387560845265,174.80770178643402,Department Store
25,Johnsonville,-41.2203388,174.8027606,McDonald's,-41.223587,174.806258,Fast Food Restaurant
26,Johnsonville,-41.2203388,174.8027606,Bus stop no. 3000,-41.22339354131777,174.8049864170404,Bus Stop
27,Johnsonville,-41.2203388,174.8027606,Whitcoulls,-41.22339143090357,174.8064342084256,Bookstore
28,Johnsonville,-41.2203388,174.8027606,Subway,-41.2227442747819,174.80723931198554,Sandwich Place
29,Johnsonville,-41.2203388,174.8027606,Toyworld,-41.22423636345018,174.8056406254775,Toy / Game Store
30,Johnsonville,-41.2203388,174.8027606,Pita Pit,-41.223682,174.80696,English Restaurant
31,Johnsonville,-41.2203388,174.8027606,Civic Video Johnsonville,-41.22331114076858,174.8078303212617,Video Store
32,Johnsonville,-41.2203388,174.8027606,Nada Bakery,-41.22392942557643,174.8074094081471,Bakery
33,Johnsonville,-41.2203388,174.8027606,Joe's Food World,-41.22428107654652,174.80735729179634,Burger Joint
34,Johnsonville,-41.2203388,174.8027606,Starbucks,-41.2243,174.807723,Coffee Shop
35,Johnsonville,-41.2203388,174.8027606,Alex Moore Park,-41.22576636898804,174.8013505729304,Baseball Stadium
36,Johnsonville,-41.2203388,174.8027606,Domino's Pizza,-41.22491,174.807389,Pizza Place
37,Johnsonville,-41.2203388,174.8027606,Sawasdee Thai Restaurant,-41.225031815745915,174.8072353013074,Thai Restaurant
38,Johnsonville,-41.2203388,174.8027606,Countdown,-41.224185043090536,174.80770401538118,Supermarket
39,Johnsonville,-41.2203388,174.8027606,Bus stop 3268,-41.225443134850174,174.80718130936697,Bus Stop
40,Johnsonville,-41.2203388,174.8027606,Daawat,-41.22579778443391,174.8070569851424,Indian Restaurant
41,Newlands,-41.2231163,174.8222343,New World,-41.220675286547376,174.82471029790094,Supermarket
42,Newlands,-41.2231163,174.8222343,curry to go,-41.222818464735845,174.82273648202414,Indian Restaurant
43,Newlands,-41.2231163,174.8222343,Hell Pizza,-41.22318829835317,174.82187569911778,Pizza Place
44,Newlands,-41.2231163,174.8222343,Chilis Indian Restaurant,-41.223172001189496,174.82305853757123,Indian Restaurant
45,Newlands,-41.2231163,174.8222343,Newlands Pharmacy,-41.22066352103026,174.82466281986257,Pharmacy
46,Newlands,-41.2231163,174.8222343,Glad Espresso,-41.22066846496242,174.82471658581318,Coffee Shop
47,Newlands,-41.2231163,174.8222343,Newlands Park,-41.22602456094783,174.81934930243276,Park
48,Newlands,-41.2231163,174.8222343,52 Bus: Johnsonville - Newlands - Wellington,-41.22636012235673,174.81837131228886,Bus Line
49,Paparangi,-41.2148246,174.8167502,Paparangi Four Square,-41.214865856383824,174.81774987231245,Grocery Store
50,Paparangi,-41.2148246,174.8167502,Studio Von,-41.21551079245134,174.81475464014417,Photography Studio
51,Paparangi,-41.2148246,174.8167502,Wellington PC Repairs,-41.2141224,174.81449229999998,Other Repair Shop
52,Paparangi,-41.2148246,174.8167502,Johnsonville Rugby Club,-41.220334,174.813861,Rugby Pitch
53,Tawa,-41.1681676,174.8247761,el Porteño,-41.173668,174.82433,Café
54,Tawa,-41.1681676,174.8247761,New World,-41.169872,174.82616,Supermarket
55,Tawa,-41.1681676,174.8247761,Subway Tawa,-41.169293950351936,174.82495773899348,Sandwich Place
56,Tawa,-41.1681676,174.8247761,Supreme Fast Food,-41.169141,174.824906,Fast Food Restaurant
57,Tawa,-41.1681676,174.8247761,The Pink Pineapple,-41.16859932319052,174.82519651752693,Bakery
58,Tawa,-41.1681676,174.8247761,Kadai Junction,-41.16915711047031,174.82518123813188,Indian Restaurant
59,Tawa,-41.1681676,174.8247761,Village Bakery,-41.17008303827563,174.82518123813188,Bakery
60,Tawa,-41.1681676,174.8247761,Mac's Photo & Lotto,-41.1703000832134,174.82500448062194,Photography Lab
61,Tawa,-41.1681676,174.8247761,United Video Tawa,-41.17034866415963,174.82481453141898,Video Store
62,Tawa,-41.1681676,174.8247761,Tawa Fish Supply 1989,-41.170528972071125,174.82497751247237,Fish Market
63,Tawa,-41.1681676,174.8247761,Take Note Tawa,-41.166646554558575,174.82728818872144,Paper / Office Supplies Store
64,Tawa,-41.1681676,174.8247761,The Borough,-41.170917,174.825101,Bar
65,Tawa,-41.1681676,174.8247761,Tawa Railway Station,-41.17005205062675,174.82748673247852,Train Station
66,Tawa,-41.1681676,174.8247761,Grasslees Reserve,-41.164968725241806,174.82803841356437,Park
67,Tawa,-41.1681676,174.8247761,Oxford Fish And Chips,-41.17358,174.82484,Fish & Chips Shop
68,Tawa,-41.1681676,174.8247761,Thai Country Cafe,-41.1736598007193,174.8246464567182,Thai Restaurant
69,Takapu valley,-41.1792889,174.8403197,Printtastic,-41.180934,174.837395,Print Shop
70,Takapu valley,-41.1792889,174.8403197,TAG Paintball,-41.18386831729976,174.8394453111431,Paintball Field
71,Woodridge,-41.2164688,174.8325988,Woodridge Playground,-41.21330719501239,174.8304167370238,Playground
72,Broadmeadows,-41.2339613,174.796556,Raroa Railway Station,-41.23239125480916,174.80165274342266,Train Station
73,Crofton downs,-41.2575256,174.7624373,Countdown,-41.257023193759935,174.76583715259207,Supermarket
74,Crofton downs,-41.2575256,174.7624373,The Village,-41.25665346810271,174.76576941616392,Café
75,Crofton downs,-41.2575256,174.7624373,Crofton Downs Railway Station,-41.25501443399008,174.7665090906388,Train Station
76,Crofton downs,-41.2575256,174.7624373,Skyline Trail,-41.25213297972999,174.75876372125967,Trail
77,Kaiwharawhara,-41.260346,174.7675797,The Wadestown Kitchen,-41.26191875022586,174.77410613508414,Breakfast Spot
78,Kaiwharawhara,-41.260346,174.7675797,Burger Wisconsin,-41.261887953062065,174.77448709385962,Burger Joint
79,Kaiwharawhara,-41.260346,174.7675797,Countdown,-41.257023193759935,174.76583715259207,Supermarket
80,Kaiwharawhara,-41.260346,174.7675797,Crofton Downs Railway Station,-41.25501443399008,174.7665090906388,Train Station
81,Kaiwharawhara,-41.260346,174.7675797,Izard Park,-41.26506445481722,174.76399003066592,Park
82,Kaiwharawhara,-41.260346,174.7675797,Dog Eared Press (NZ) LImited,-41.2659118,174.76273820000006,Business Service
83,Karori,-41.2841091,174.7460516,The Pickle Jar,-41.284162,174.737183,Pub
84,Karori,-41.2841091,174.7460516,One Fat Bird,-41.2825589908595,174.74497926862315,Gastropub
85,Karori,-41.2841091,174.7460516,New World,-41.284404936687125,174.7381013150329,Supermarket
86,Karori,-41.2841091,174.7460516,Marsden Village Cafe,-41.28260747747031,174.74566559497083,Café
87,Karori,-41.2841091,174.7460516,Marsden Village,-41.28246304595201,174.74566780514473,Plaza
88,Karori,-41.2841091,174.7460516,Ming Du,-41.282318,174.745985,Asian Restaurant
89,Karori,-41.2841091,174.7460516,Four Square,-41.28242206629083,174.74590751591467,Grocery Store
90,Karori,-41.2841091,174.7460516,Flavours Indian Cuisine,-41.28255734918193,174.74565760466416,Indian Restaurant
91,Karori,-41.2841091,174.7460516,Gipps St Deli,-41.28746514510827,174.74671125411987,Café
92,Karori,-41.2841091,174.7460516,Karori Pool,-41.28513972866163,174.7414734181115,Pool
93,Karori,-41.2841091,174.7460516,Jasmine Thai,-41.28153300461512,174.74971215233725,Thai Restaurant
94,Karori,-41.2841091,174.7460516,The Cellar Room,-41.28145020077953,174.7498906478299,Liquor Store
95,Karori,-41.2841091,174.7460516,Countdown,-41.284184233224615,174.73770171915274,Supermarket
96,Karori,-41.2841091,174.7460516,Sweet Momento Photography,-41.2806201,174.74172909999993,Photography Studio
97,Karori,-41.2841091,174.7460516,Subway,-41.28434219009218,174.73878716786552,Sandwich Place
98,Karori,-41.2841091,174.7460516,United Video,-41.284138,174.738089,Video Store
99,Karori,-41.2841091,174.7460516,Ben Burn Park,-41.28815845095175,174.73995208740234,Park
100,Karori,-41.2841091,174.7460516,Cafe On The Square,-41.28466,174.737866,Café
101,Karori,-41.2841091,174.7460516,Gamboni's Deli,-41.28415974852668,174.73740935325623,Deli / Bodega
102,Karori,-41.2841091,174.7460516,Brumby's,-41.284771092293546,174.73735602369757,Bakery
103,Karori,-41.2841091,174.7460516,Karori Shopping Mall,-41.2843475212497,174.73800163108058,Shopping Mall
104,Khandallah,-41.246742,174.7905885,Dunshea's Deli,-41.242087005481046,174.79238820899783,Deli / Bodega
105,Khandallah,-41.246742,174.7905885,New World,-41.247437971295405,174.79149504634265,Supermarket
106,Khandallah,-41.246742,174.7905885,Khandallah Trading Company,-41.24638543423403,174.7911897058519,Pub
107,Khandallah,-41.246742,174.7905885,The Village Patisserie Cafe,-41.246635,174.791044,Café
108,Khandallah,-41.246742,174.7905885,Parsons Nose Cafe,-41.247186,174.791429,Café
109,Khandallah,-41.246742,174.7905885,Rosa,-41.246745,174.791084,Café
110,Khandallah,-41.246742,174.7905885,Box Hill Railway Station,-41.24604230112264,174.78900850117202,Train Station
111,Khandallah,-41.246742,174.7905885,Asian Takeaways,-41.246973,174.791303,Asian Restaurant
112,Khandallah,-41.246742,174.7905885,Khandallah Dairy,-41.247017,174.791389,Convenience Store
113,Khandallah,-41.246742,174.7905885,Hell Pizza,-41.250186704650154,174.79120489031553,Pizza Place
114,Khandallah,-41.246742,174.7905885,Khandallah Park,-41.243526742440885,174.7862349162406,Park
115,Khandallah,-41.246742,174.7905885,Khandallah Railway Station,-41.24291909708632,174.79399908506008,Train Station
116,Khandallah,-41.246742,174.7905885,Simla Crescent Railway Station,-41.24666062449526,174.78406622347288,Train Station
117,Khandallah,-41.246742,174.7905885,Cafe du Parc,-41.242023,174.788599,Café
118,Khandallah,-41.246742,174.7905885,Automat,-41.241906,174.792479,American Restaurant
119,Khandallah,-41.246742,174.7905885,Nairnville Park,-41.250596,174.78614509105682,Park
120,Khandallah,-41.246742,174.7905885,Civic Video,-41.24180361544045,174.7923731803894,Video Store
121,Makara beach,-41.2198647,174.7138157,Makara Cafe,-41.22013104604925,174.7132587432861,Café
122,Makara beach,-41.2198647,174.7138157,Makara Beach,-41.22004522029436,174.71298634243888,Beach
123,Ngaio,-41.2482852,174.778291,Cafe Villa,-41.24800642740585,174.77447497854405,Café
124,Ngaio,-41.2482852,174.778291,Tandoori Nights,-41.247821,174.774554,Indian Restaurant
125,Ngaio,-41.2482852,174.778291,Gasoline Alley Services,-41.248699687154726,174.77433416361905,Food & Drink Shop
126,Ngaio,-41.2482852,174.778291,Cummings Park,-41.24827333225385,174.77391958236694,Park
127,Ngaio,-41.2482852,174.778291,Awarua Street Railway Station,-41.246505899132046,174.774415726465,Train Station
128,Ngaio,-41.2482852,174.778291,Simla Crescent Railway Station,-41.24666062449526,174.78406622347288,Train Station
129,Ngaio,-41.2482852,174.778291,Crofton Road Food Market,-41.251249336362235,174.77317697818307,Convenience Store
130,Ngaio,-41.2482852,174.778291,Ngaio Railway Station,-41.25032588609866,174.77180055966957,Train Station
131,Ngaio,-41.2482852,174.778291,Phoenix Takeaways,-41.252082458349314,174.773243249348,Fast Food Restaurant
132,Ngaio,-41.2482852,174.778291,Nairnville Park,-41.250596,174.78614509105682,Park
133,Ngauranga,-41.2415147,174.815286,Smiths City,-41.243654208419315,174.81402618398732,Electronics Store
134,Ngauranga,-41.2415147,174.815286,Hunter Furniture,-41.24244178765507,174.81167774084204,Furniture / Home Store
135,Ngauranga,-41.2415147,174.815286,NIMT Number 2 Tunnel,-41.237285727653095,174.81316566467285,Tunnel
136,Ngauranga,-41.2415147,174.815286,Toops,-41.24600013431441,174.812304341445,Restaurant
137,Northland,-41.2823392,174.7573563,Wellington Botanic Garden,-41.28316003463139,174.76617336273193,Botanical Garden
138,Northland,-41.2823392,174.7573563,Hell Pizza,-41.28325217200918,174.75721358244772,Pizza Place
139,Northland,-41.2823392,174.7573563,Pizza Hut,-41.283327038134665,174.757447,Pizza Place
140,Northland,-41.2823392,174.7573563,Domino's Pizza,-41.28319556263122,174.757504236678,Pizza Place
141,Northland,-41.2823392,174.7573563,Burger Wisconsin,-41.28330795771764,174.7569809711534,Burger Joint
142,Northland,-41.2823392,174.7573563,Northland Tunnel,-41.28443386095157,174.75565910339355,Tunnel
143,Northland,-41.2823392,174.7573563,Creswick Foodmarket,-41.27928702157685,174.7575069822948,Convenience Store
144,Northland,-41.2823392,174.7573563,Karori Tunnel,-41.287336157161796,174.7556483745575,Tunnel
145,Northland,-41.2823392,174.7573563,The Cellar Room,-41.28145020077953,174.7498906478299,Liquor Store
146,Northland,-41.2823392,174.7573563,Jasmine Thai,-41.28153300461512,174.74971215233725,Thai Restaurant
147,Northland,-41.2823392,174.7573563,Ian Galloway Park,-41.27674215168467,174.75432872772217,Park
148,Northland,-41.2823392,174.7573563,Wellington Botanic Garden Play Area,-41.2836118285701,174.76547029951504,Playground
149,Northland,-41.2823392,174.7573563,Treehouse Visitor Centre,-41.28225379329534,174.76626396331912,Tourist Information Center
150,Wadestown,-41.2647151,174.7790775,The Wadestown Kitchen,-41.26191875022586,174.77410613508414,Breakfast Spot
151,Wadestown,-41.2647151,174.7790775,Le Marche Francais,-41.2686536574982,174.78133142384794,French Restaurant
152,Wadestown,-41.2647151,174.7790775,Burger Wisconsin,-41.261887953062065,174.77448709385962,Burger Joint
153,Wadestown,-41.2647151,174.7790775,Wadestown Seafoods,-41.264039,174.77846991,Fish & Chips Shop
154,Wadestown,-41.2647151,174.7790775,Interislander Ferry - Kaiarahi,-41.265588488376885,174.78676605420952,Boat or Ferry
155,Wadestown,-41.2647151,174.7790775,Interislander Ferry Terminal,-41.26418910043656,174.7869190481276,Pier
156,Wadestown,-41.2647151,174.7790775,InterIslander Ferry - Arahura,-41.2658290555751,174.78760188566187,Boat or Ferry
157,Wadestown,-41.2647151,174.7790775,Glengarry,-41.27097304107916,174.78165727776934,Wine Shop
158,Wadestown,-41.2647151,174.7790775,Ferry Wellington - Picton,-41.265137,174.787873,Boat or Ferry
159,Wilton,-41.2675053,174.7623981,Otari-Wilton's Bush,-41.2678076659992,174.75741863250732,Nature Preserve
160,Wilton,-41.2675053,174.7623981,Wilton Bowling Club,-41.267443,174.76009,Bowling Green
161,Wilton,-41.2675053,174.7623981,Wadestown Takeaways,-41.26561061800751,174.76427045326383,Fish & Chips Shop
162,Wilton,-41.2675053,174.7623981,Izard Park,-41.26506445481722,174.76399003066592,Park
163,Aro valley,-41.2953285,174.7665802,Garage Project,-41.295393137967444,174.76788656210468,Brewery
164,Aro valley,-41.2953285,174.7665802,Garage Project Taproom,-41.295337979801324,174.7668540455652,Beer Bar
165,Aro valley,-41.2953285,174.7665802,The Bresolin,-41.29498102817851,174.77130532884985,Restaurant
166,Aro valley,-41.2953285,174.7665802,Le Moulin Bakery,-41.294013927496216,174.7720745714412,Bakery
167,Aro valley,-41.2953285,174.7665802,Heyday Beer Co,-41.29672507610351,174.77360021890735,Bar
168,Aro valley,-41.2953285,174.7665802,Vicbooks Café,-41.28931538057153,174.768362766955,Café
169,Aro valley,-41.2953285,174.7665802,Logan Brown Restaurant & Bar,-41.29482128324447,174.77481326050722,Restaurant
170,Aro valley,-41.2953285,174.7665802,Fidel's Cafe,-41.29592152019071,174.7742319197476,Café
171,Aro valley,-41.2953285,174.7665802,Light House Cuba,-41.29609460696033,174.775276287206,Indie Movie Theater
172,Aro valley,-41.2953285,174.7665802,The Rogue & Vagabond,-41.29342818414891,174.77484636927474,Pub
173,Aro valley,-41.2953285,174.7665802,Ekim Burgers,-41.29622931018094,174.77420481836467,Burger Joint
174,Aro valley,-41.2953285,174.7665802,Havana Bar,-41.29593148107729,174.77500533701712,Bar
175,Aro valley,-41.2953285,174.7665802,Central Park,-41.30095909999015,174.7671604156494,Park
176,Aro valley,-41.2953285,174.7665802,PhotonFlux,-41.292908607065776,174.7735498206839,Bar
177,Aro valley,-41.2953285,174.7665802,Rasa,-41.2950934761358,174.77473610073963,Malay Restaurant
178,Aro valley,-41.2953285,174.7665802,Martha's Pantry,-41.29710944919055,174.77325946183367,Tea Room
179,Aro valley,-41.2953285,174.7665802,Mrs Kims Korean Kitchen,-41.292681816471294,174.77398752022313,Korean Restaurant
180,Aro valley,-41.2953285,174.7665802,Southern Cross Garden Bar Restaurant,-41.29649709965114,174.77437707792853,Bar
181,Aro valley,-41.2953285,174.7665802,Aro Cafe,-41.29531870331495,174.76692362692086,Café
182,Aro valley,-41.2953285,174.7665802,The Flying Burrito Brothers,-41.29469685850922,174.7749014005381,Mexican Restaurant
183,Aro valley,-41.2953285,174.7665802,The Third Eye - Tuatara Temple of Taste,-41.29726924803836,174.77429154242577,Brewery
184,Aro valley,-41.2953285,174.7665802,Loretta,-41.29430875903236,174.775225829341,Restaurant
185,Aro valley,-41.2953285,174.7665802,Midnight Espresso,-41.294648752253245,174.77496310652904,Café
186,Aro valley,-41.2953285,174.7665802,Wellington Trawling Sea Market,-41.295664083104235,174.7743938874997,Fish Market
187,Aro valley,-41.2953285,174.7665802,S&M's Cocktail and Lounge Bar,-41.294553218494165,174.7750026866532,Gay Bar
188,Aro valley,-41.2953285,174.7665802,Ombra,-41.29478404470713,174.7749120188611,Italian Restaurant
189,Aro valley,-41.2953285,174.7665802,BurgerFuel,-41.294584,174.775158,Burger Joint
190,Aro valley,-41.2953285,174.7665802,Emporio,-41.295751316899036,174.77254896042538,Coffee Shop
191,Aro valley,-41.2953285,174.7665802,Te Aro Fish Supplies Ltd,-41.29535642588941,174.76700819269678,Fish Market
192,Aro valley,-41.2953285,174.7665802,Victoria Street Farmers' Market,-41.29355953490354,174.77276623249054,Farmers Market
193,Aro valley,-41.2953285,174.7665802,Arthur's Cafe,-41.29699287864427,174.77358759596416,Café
194,Aro valley,-41.2953285,174.7665802,Preservatorium,-41.29798041751821,174.77389660795507,Café
195,Aro valley,-41.2953285,174.7665802,Laundry,-41.29614772795276,174.7740101867801,Dive Bar
196,Aro valley,-41.2953285,174.7665802,Olive Cafe,-41.29439470231182,174.77513649304115,Café
197,Aro valley,-41.2953285,174.7665802,Aunty Mena Vegetarian Cafe,-41.29388382967611,174.7753450555247,Vegetarian / Vegan Restaurant
198,Aro valley,-41.2953285,174.7665802,Slow Boat Records,-41.29432639415729,174.7751536099936,Record Shop
199,Aro valley,-41.2953285,174.7665802,Heaven,-41.29596763429155,174.7745168252431,Pizza Place
200,Aro valley,-41.2953285,174.7665802,Raglan Roast,-41.29653574503258,174.77492245964962,Coffee Shop
201,Aro valley,-41.2953285,174.7665802,Rams,-41.29398952786729,174.77529655210174,Asian Restaurant
202,Aro valley,-41.2953285,174.7665802,El Matador,-41.29497021101053,174.77477421474055,Argentinian Restaurant
203,Aro valley,-41.2953285,174.7665802,San Fran,-41.293997747502836,174.77529427278864,Rock Club
204,Aro valley,-41.2953285,174.7665802,R & S Satay Noodle House,-41.29387790084541,174.77533745293988,Noodle House
205,Aro valley,-41.2953285,174.7665802,Babylon Kebab,-41.29458956534204,174.77505623057664,Middle Eastern Restaurant
206,Aro valley,-41.2953285,174.7665802,CinCin,-41.29399977345371,174.77519812052174,Italian Restaurant
207,Aro valley,-41.2953285,174.7665802,Willis Wellington Hotel,-41.296595732198156,174.77057684037484,Hotel
208,Aro valley,-41.2953285,174.7665802,Grill Meats Beer,-41.29548036305262,174.77448764529274,Modern European Restaurant
209,Aro valley,-41.2953285,174.7665802,Arobake,-41.29532244084172,174.76718583963674,Bakery
210,Aro valley,-41.2953285,174.7665802,Hell Pizza,-41.29763920965347,174.77327128704317,Pizza Place
211,Aro valley,-41.2953285,174.7665802,Crafters & Co,-41.29432586974737,174.77281703024053,Bar
212,Aro valley,-41.2953285,174.7665802,Il Piccolo,-41.2939567135419,174.77199937772804,Italian Restaurant
213,Aro valley,-41.2953285,174.7665802,Aro Park,-41.295373231457674,174.76831912994385,Park
214,Aro valley,-41.2953285,174.7665802,Deliaro,-41.29463836514195,174.76884879473215,Deli / Bodega
215,Aro valley,-41.2953285,174.7665802,Aro Video,-41.29464713735326,174.76886034525404,Video Store
216,Aro valley,-41.2953285,174.7665802,Yan's Supermarket,-41.29923634636151,174.77380979220857,Grocery Store
217,Aro valley,-41.2953285,174.7665802,Leisure Inn Hotel,-41.296385479589034,174.7706810115917,Hotel
218,Aro valley,-41.2953285,174.7665802,Polhill Reserve,-41.29394406631803,174.76161913004097,Nature Preserve
219,Aro valley,-41.2953285,174.7665802,LiquorLand,-41.29540170506247,174.77205652767526,Liquor Store
220,Aro valley,-41.2953285,174.7665802,Central Park Playground,-41.299832375851715,174.76854290362795,Playground
221,Aro valley,-41.2953285,174.7665802,Wishbone,-41.29032202562919,174.767823778949,Sandwich Place
222,Aro valley,-41.2953285,174.7665802,Victoria University - Kelburn Parade Bus Stop,-41.288908180375266,174.76796507835388,Bus Stop
223,Aro valley,-41.2953285,174.7665802,the lab,-41.28884244500989,174.76818093037096,Café
224,Aro valley,-41.2953285,174.7665802,Coffee Supreme,-41.299181911308864,174.7738825817548,Coffee Shop
225,Kelburn,-41.289205,174.7623927,Mediterranean Food Warehouse,-41.289113,174.76221032,Pizza Place
226,Kelburn,-41.289205,174.7623927,Vicbooks Café,-41.28931538057153,174.768362766955,Café
227,Kelburn,-41.289205,174.7623927,Wellington Botanic Garden,-41.28316003463139,174.76617336273193,Botanical Garden
228,Kelburn,-41.289205,174.7623927,Pratha 2 Go,-41.289000888253845,174.76181745529175,Malay Restaurant
229,Kelburn,-41.289205,174.7623927,Caffe MODE,-41.28915883923364,174.76260231908168,Coffee Shop
230,Kelburn,-41.289205,174.7623927,Carter Observatory,-41.28429867884435,174.76717629984032,Planetarium
231,Kelburn,-41.289205,174.7623927,The Hunter Lounge,-41.28858027076813,174.7694937283256,College Cafeteria
232,Kelburn,-41.289205,174.7623927,Cable Car Museum,-41.285306527938666,174.76774053852824,Museum
233,Kelburn,-41.289205,174.7623927,Kelburn Village Pub,-41.289403449114346,174.76213313693407,Pub
234,Kelburn,-41.289205,174.7623927,Kelburn Cafe,-41.289265425718604,174.76233089455863,Café
235,Kelburn,-41.289205,174.7623927,Paradise Seafoods,-41.289034844552596,174.76205252782776,Fish & Chips Shop
236,Kelburn,-41.289205,174.7623927,Brezelmania,-41.28922258047282,174.76261138916016,Bakery
237,Kelburn,-41.289205,174.7623927,Polhill Reserve,-41.29394406631803,174.76161913004097,Nature Preserve
238,Kelburn,-41.289205,174.7623927,Milk & Honey,-41.28910019301735,174.76903782500116,Café
239,Kelburn,-41.289205,174.7623927,Karori Tunnel,-41.287336157161796,174.7556483745575,Tunnel
240,Kelburn,-41.289205,174.7623927,Salamanca Tennis Club,-41.28757901311194,174.76959312290643,Tennis Court
241,Kelburn,-41.289205,174.7623927,Patels Superette,-41.295421835052295,174.76491709521142,Grocery Store
242,Kelburn,-41.289205,174.7623927,Kelburn Park,-41.285556915008094,174.76990920453812,Soccer Field
243,Wellington central,-41.2821003,174.7759494,Café Breton,-41.28359455055358,174.7767392248014,Café
244,Wellington central,-41.2821003,174.7759494,Sir Breadwins,-41.28080314386668,174.7761083619576,Sandwich Place
245,Wellington central,-41.2821003,174.7759494,Sofitel Wellington,-41.27972322894478,174.77470497260185,Hotel
246,Wellington central,-41.2821003,174.7759494,Charley Noble,-41.285057524115466,174.77778661494813,Restaurant
247,Wellington central,-41.2821003,174.7759494,Where's Charlie,-41.28007110473854,174.7761313111265,Vietnamese Restaurant
248,Wellington central,-41.2821003,174.7759494,The New Zealand Portrait Gallery,-41.28341144706575,174.7781827832739,Art Gallery
249,Wellington central,-41.2821003,174.7759494,Satayme,-41.28215375674559,174.7758291370121,Malay Restaurant
250,Wellington central,-41.2821003,174.7759494,Cuckoo,-41.283719859595955,174.77840979386804,Cocktail Bar
251,Wellington central,-41.2821003,174.7759494,Seize,-41.28087770838137,174.77598845867197,Salad Place
252,Wellington central,-41.2821003,174.7759494,Rahzoo Cafe,-41.2822189255308,174.77700834460433,Café
253,Wellington central,-41.2821003,174.7759494,Sushi Bi,-41.28222283727015,174.77607141782383,Sushi Restaurant
254,Wellington central,-41.2821003,174.7759494,Avida,-41.28283996190027,174.77720163668562,Bar
255,Wellington central,-41.2821003,174.7759494,Tommy Millions,-41.28290839453433,174.77719090452297,Pizza Place
256,Wellington central,-41.2821003,174.7759494,PappaRich Malaysian Delights,-41.28479499718307,174.77671360747317,Malay Restaurant
257,Wellington central,-41.2821003,174.7759494,Alaturka,-41.282157658119765,174.77637812731214,Turkish Restaurant
258,Wellington central,-41.2821003,174.7759494,Boulcott Street Bistro,-41.28564230092162,174.77378974073076,Bistro
259,Wellington central,-41.2821003,174.7759494,Yoshi Sushi & Bento,-41.28239711736995,174.77747894300649,Sushi Restaurant
260,Wellington central,-41.2821003,174.7759494,French Kiss Café,-41.28469596001275,174.77736210610436,Food Truck
261,Wellington central,-41.2821003,174.7759494,Les Mills Lambton Quay,-41.27977928973591,174.776513732761,Gym / Fitness Center
262,Wellington central,-41.2821003,174.7759494,Rydges Hotel,-41.28083393706108,174.77840486240214,Hotel
263,Wellington central,-41.2821003,174.7759494,Wellington Museum,-41.28518363317264,174.77808237075806,History Museum
264,Wellington central,-41.2821003,174.7759494,Wellington Seamarket,-41.28095901629461,174.77616929945756,Fish Market
265,Wellington central,-41.2821003,174.7759494,Bethel Woods,-41.28124285812877,174.77505840175542,BBQ Joint
266,Wellington central,-41.2821003,174.7759494,Photo Espresso,-41.286103743272655,174.7773797168806,Camera Store
267,Wellington central,-41.2821003,174.7759494,Yoshi Sushi & Bento,-41.280080257855126,174.77620310049466,Sushi Restaurant
268,Wellington central,-41.2821003,174.7759494,Parliament Grounds,-41.27825799001019,174.77730989456177,Garden
269,Wellington central,-41.2821003,174.7759494,Mexican QBT,-41.282821020953506,174.7789164855528,Mexican Restaurant
270,Wellington central,-41.2821003,174.7759494,Ministry of Food Bar & Kitchen,-41.2784921010879,174.77476156034461,Café
271,Wellington central,-41.2821003,174.7759494,Portlander,-41.280854706189096,174.77837381209986,Steakhouse
272,Wellington central,-41.2821003,174.7759494,Chef's Palette,-41.282228151596605,174.7758883993509,Salad Place
273,Wellington central,-41.2821003,174.7759494,Bohemein Chocolates,-41.28212260751858,174.77777201927205,Chocolate Shop
274,Wellington central,-41.2821003,174.7759494,Holland Road Yarn Company,-41.286746,174.776047,Arts & Crafts Store
275,Wellington central,-41.2821003,174.7759494,Wellington Waterfront,-41.28807366373124,174.77952846465723,Waterfront
276,Wellington central,-41.2821003,174.7759494,Mojo Waterfront,-41.28293038822464,174.7787164173503,Coffee Shop
277,Wellington central,-41.2821003,174.7759494,Mrs Higgins Cookies,-41.28210923159745,174.7761852568074,Bakery
278,Wellington central,-41.2821003,174.7759494,Cosa Nostra,-41.278375911976134,174.76970547711514,Italian Restaurant
279,Wellington central,-41.2821003,174.7759494,Juniper Gin Bar & Restaurant,-41.282877851503734,174.77706858351567,Restaurant
280,Wellington central,-41.2821003,174.7759494,Pita Pit,-41.282340953304264,174.77749973597324,Sandwich Place
281,Wellington central,-41.2821003,174.7759494,Cafe Leafee,-41.27825198085591,174.7698841905708,Café
282,Wellington central,-41.2821003,174.7759494,Pandoro Panetteria,-41.28206714450764,174.77535741837485,Bakery
283,Wellington central,-41.2821003,174.7759494,Mojo Featherston,-41.28001710588259,174.7790590183044,Coffee Shop
284,Wellington central,-41.2821003,174.7759494,The Churchill,-41.280681623122575,174.77598836932276,Gastropub
285,Wellington central,-41.2821003,174.7759494,Coffee 32,-41.28032386572328,174.7753154588346,Coffee Shop
286,Wellington central,-41.2821003,174.7759494,Bolton Hotel,-41.279494560958184,174.77473636123855,Hotel
287,Wellington central,-41.2821003,174.7759494,Nikau Gallery Cafe,-41.288483020232675,174.77757845883235,Café
288,Wellington central,-41.2821003,174.7759494,Lady Norwood Rose Garden,-41.280595925367706,174.7694781431268,Garden
289,Wellington central,-41.2821003,174.7759494,Tank,-41.28172306175824,174.7759896494653,Juice Bar
290,Wellington central,-41.2821003,174.7759494,Artisan Restaurant @ Bolton Hotel,-41.27947510113961,174.77472654363012,Restaurant
291,Wellington central,-41.2821003,174.7759494,Sterling,-41.282303,174.775082,Steakhouse
292,Wellington central,-41.2821003,174.7759494,The Thistle Inn,-41.277764348409185,174.7797934781755,Gastropub
293,Wellington central,-41.2821003,174.7759494,Civic Square,-41.28867601035872,174.77722921752957,Plaza
294,Wellington central,-41.2821003,174.7759494,The Old Bailey,-41.280087827726156,174.77626449627002,Gastropub
295,Wellington central,-41.2821003,174.7759494,Hillside Kitchen & Cellar,-41.27698765706347,174.77146409676232,Restaurant
296,Wellington central,-41.2821003,174.7759494,Backbencher Pub and Cafe,-41.277669,174.77791,Gastropub
297,Wellington central,-41.2821003,174.7759494,Fuel Espresso,-41.27604117520096,174.77908711841715,Coffee Shop
298,Wellington central,-41.2821003,174.7759494,Dumpling'd,-41.28007279629892,174.77569462137086,Dumpling Restaurant
299,Wellington central,-41.2821003,174.7759494,Starbucks,-41.28203250610422,174.7761947870398,Coffee Shop
300,Wellington central,-41.2821003,174.7759494,Picnic Cafe,-41.281006170251615,174.76942149966203,Café
301,Wellington central,-41.2821003,174.7759494,Sprig & Fern,-41.278822454095675,174.76912140129016,Brewery
302,Wellington central,-41.2821003,174.7759494,Toyworld,-41.28083984625422,174.7773013011773,Toy / Game Store
303,Wellington central,-41.2821003,174.7759494,Word of Mouth,-41.27619345212973,174.77803861027138,Café
304,Wellington central,-41.2821003,174.7759494,Cafe Vanilla,-41.27700399558504,174.77963998072318,Café
305,Wellington central,-41.2821003,174.7759494,The Speight's Ale House,-41.278176086655954,174.7699743222084,Bar
306,Wellington central,-41.2821003,174.7759494,Clifton Cable Car Station,-41.284895581808584,174.77317188039797,Cable Car
307,Wellington central,-41.2821003,174.7759494,Tinakori Bistro,-41.27843,174.76953,Restaurant
308,Wellington central,-41.2821003,174.7759494,Seddon Memorial,-41.27942331629239,174.77167311183197,Monument / Landmark
309,Wellington central,-41.2821003,174.7759494,Anderson Park,-41.27967566052315,174.77084214495486,Park
310,Wellington central,-41.2821003,174.7759494,Begonia House,-41.28093517361728,174.7692517526283,Garden
311,Wellington central,-41.2821003,174.7759494,Salamanca (University) Cable Car Station,-41.28523200527817,174.76979434490204,Cable Car
312,Wellington central,-41.2821003,174.7759494,Kelburn Park,-41.285556915008094,174.76990920453812,Soccer Field
313,Wellington central,-41.2821003,174.7759494,Apespresso Café,-41.28742366980183,174.77245229511394,Café
314,Wellington central,-41.2821003,174.7759494,The Shepherds Arms Hotel,-41.278172646641444,174.77000080794272,Hotel
315,Wellington central,-41.2821003,174.7759494,Café Ink,-41.28762568065543,174.77256524071933,Café
316,Wellington central,-41.2821003,174.7759494,Yeung Shing,-41.287618938668004,174.77253200278494,Chinese Restaurant
317,Wellington central,-41.2821003,174.7759494,Dominion Observatory,-41.28434615300562,174.76829795773213,Science Museum
318,Wellington central,-41.2821003,174.7759494,Goods Café & Manufactory,-41.278856,174.76891,Café
319,Wellington central,-41.2821003,174.7759494,Cable Top Eatery,-41.285376,174.768544,Café
320,Wellington central,-41.2821003,174.7759494,Indus Bistro and Tandoor,-41.275941780114216,174.77253156400312,Indian Restaurant
321,Wellington central,-41.2821003,174.7759494,Club Kelburn,-41.28744932400103,174.77047516316645,Gym
322,Mount victoria,-41.2970453,174.7874066,Wellington Town Belt,-41.296496695511344,174.78709733033648,Park
323,Mount victoria,-41.2970453,174.7874066,Ortega Fish Shack,-41.29429428662233,174.7848913717297,Seafood Restaurant
324,Mount victoria,-41.2970453,174.7874066,Embassy Theatre,-41.29412844987249,174.78388281910063,Movie Theater
325,Mount victoria,-41.2970453,174.7874066,The Mt. Vic Chippery,-41.294063292752256,174.784312071218,Fish & Chips Shop
326,Mount victoria,-41.2970453,174.7874066,Black Sparrow,-41.29415837126482,174.78399835162077,Lounge
327,Mount victoria,-41.2970453,174.7874066,Capitol,-41.29408101858284,174.7838730887911,Restaurant
328,Mount victoria,-41.2970453,174.7874066,Pizzeria Napoli,-41.29371,174.782594,Pizza Place
329,Mount victoria,-41.2970453,174.7874066,Mount Victoria,-41.2959777857694,174.79421854019165,Mountain
330,Mount victoria,-41.2970453,174.7874066,Kaffee Eis,-41.29372397208561,174.782226880146,Ice Cream Shop
331,Mount victoria,-41.2970453,174.7874066,Regional Wines & Spirits,-41.29984505525135,174.78195753682186,Liquor Store
332,Mount victoria,-41.2970453,174.7874066,The Hop Garden,-41.2972026669215,174.78291612986766,Beer Garden
333,Mount victoria,-41.2970453,174.7874066,KC Cafe & Takeaway,-41.29363548041123,174.78187007515032,Asian Restaurant
334,Mount victoria,-41.2970453,174.7874066,Moore Wilson’s,-41.29602991331932,174.7803851223326,Grocery Store
335,Mount victoria,-41.2970453,174.7874066,Sweet Mother's Kitchen,-41.29402009985825,174.7832786342386,Southern / Soul Food Restaurant
336,Mount victoria,-41.2970453,174.7874066,PB Technologies,-41.297011190584655,174.7813403691951,Electronics Store
337,Mount victoria,-41.2970453,174.7874066,Museum Hotel & Apartments,-41.29183947663434,174.78258957042357,Hotel
338,Mount victoria,-41.2970453,174.7874066,Monsoon Poon,-41.29305003029305,174.78311299509534,Asian Restaurant
339,Mount victoria,-41.2970453,174.7874066,Kazu Yakitori & Sake Bar,-41.293619800408386,174.78175292508112,Sake Bar
340,Mount victoria,-41.2970453,174.7874066,The Library,-41.29356327298233,174.78108464977345,Lounge
341,Mount victoria,-41.2970453,174.7874066,Restaurant 88,-41.29514728015846,174.78003713952646,Vietnamese Restaurant
342,Mount victoria,-41.2970453,174.7874066,Waitangi Park,-41.29153526046129,174.78511983813794,Park
343,Mount victoria,-41.2970453,174.7874066,Phoenician Falafel,-41.29410934679311,174.7836019515716,Falafel Restaurant
344,Mount victoria,-41.2970453,174.7874066,Nicolini's,-41.29378493835358,174.78250128533043,Italian Restaurant
345,Mount victoria,-41.2970453,174.7874066,Hawthorn Lounge,-41.29501688025087,174.78023736553985,Cocktail Bar
346,Mount victoria,-41.2970453,174.7874066,Saigon Taste,-41.294425379060336,174.78515822114645,Vietnamese Restaurant
347,Mount victoria,-41.2970453,174.7874066,Basin Reserve,-41.30034653170272,174.7801637649536,Cricket Ground
348,Mount victoria,-41.2970453,174.7874066,Coene's Provisions,-41.29145321843839,174.78797058406565,Tapas Restaurant
349,Mount victoria,-41.2970453,174.7874066,Joe's Garage,-41.292293249849344,174.78183220672574,Breakfast Spot
350,Mount victoria,-41.2970453,174.7874066,Dragons Chinese Restaurant,-41.29305718339896,174.78147744760335,Chinese Restaurant
351,Mount victoria,-41.2970453,174.7874066,Hummingbird,-41.293829991058814,174.78272584860503,Restaurant
352,Mount victoria,-41.2970453,174.7874066,Caffe L'affare,-41.296105543238816,174.78031111858195,Café
353,Mount victoria,-41.2970453,174.7874066,Havana Coffee Works,-41.29751631879276,174.77894115680525,Coffee Shop
354,Mount victoria,-41.2970453,174.7874066,Ohtel,-41.29226255905744,174.78609432218767,Hotel
355,Mount victoria,-41.2970453,174.7874066,HK BBQ & Tea,-41.29460859153894,174.7839480056834,Chinese Restaurant
356,Mount victoria,-41.2970453,174.7874066,Exodus Health & Fitness Club,-41.29721947557871,174.77925094875258,Gym
357,Mount victoria,-41.2970453,174.7874066,Chow,-41.293785,174.781075,Asian Restaurant
358,Mount victoria,-41.2970453,174.7874066,Harbourside Market,-41.29121374134778,174.78335124964806,Farmers Market
359,Mount victoria,-41.2970453,174.7874066,Raglan Roast,-41.293996217347825,174.77989155206353,Coffee Shop
360,Mount victoria,-41.2970453,174.7874066,Prefab - ACME HQ,-41.29550451774387,174.77869236338586,Café
361,Mount victoria,-41.2970453,174.7874066,Welsh Dragon Bar,-41.29368675828649,174.78402084769866,Bar
362,Mount victoria,-41.2970453,174.7874066,Bernie's On The Bay,-41.2913165541284,174.78992220785454,Café
363,Mount victoria,-41.2970453,174.7874066,Freyberg Pool & Fitness Centre,-41.291006944432716,174.78978317608994,Pool
364,Mount victoria,-41.2970453,174.7874066,Poneke,-41.29058808978588,174.78540525361822,Café
365,Mount victoria,-41.2970453,174.7874066,Thai Chef's Restaurant,-41.29271057826984,174.78357762070667,Thai Restaurant
366,Mount victoria,-41.2970453,174.7874066,Vista Cafe,-41.29163754829962,174.78780049099228,Café
367,Mount victoria,-41.2970453,174.7874066,Zumo Coffee House,-41.29228556778403,174.78228599264887,Coffee Shop
368,Mount victoria,-41.2970453,174.7874066,Commonsense Organics,-41.29231367456262,174.78231066485486,Organic Grocery
369,Mount victoria,-41.2970453,174.7874066,Poquito,-41.29257652157707,174.7816401249003,Tapas Restaurant
370,Mount victoria,-41.2970453,174.7874066,Hippopotamus Restaurant & Bar,-41.29156497187954,174.7827487737611,Hotel Bar
371,Mount victoria,-41.2970453,174.7874066,New World,-41.292362751609595,174.78448226355192,Supermarket
372,Mount victoria,-41.2970453,174.7874066,Mama Brown,-41.29214998082911,174.78169147333855,Southern / Soul Food Restaurant
373,Mount victoria,-41.2970453,174.7874066,Pandoro Panetteria,-41.29244007995133,174.7825121153988,Bakery
374,Mount victoria,-41.2970453,174.7874066,Apollo Lodge Motel,-41.29457989717409,174.78613917257863,Motel
375,Mount victoria,-41.2970453,174.7874066,The Genghis Khan,-41.29445799849612,174.78558399144538,Mongolian Restaurant
376,Mount victoria,-41.2970453,174.7874066,Masala,-41.29267368377704,174.78249620514396,Indian Restaurant
377,Mount victoria,-41.2970453,174.7874066,YHA,-41.293102475752306,174.78396792028929,Hostel
378,Mount victoria,-41.2970453,174.7874066,Raglan Roast Coffee,-41.29082147523796,174.7853079475616,Coffee Shop
379,Mount victoria,-41.2970453,174.7874066,Little India,-41.29322790436764,174.78309274472159,Indian Restaurant
380,Mount victoria,-41.2970453,174.7874066,Kazu,-41.29267131166199,174.7815639935095,Japanese Restaurant
381,Mount victoria,-41.2970453,174.7874066,Copthorne Hotel Wellington Oriental Bay,-41.29187476714997,174.78744998574257,Hotel
382,Mount victoria,-41.2970453,174.7874066,Fratelli,-41.29319883987344,174.78323683177962,Italian Restaurant
383,Mount victoria,-41.2970453,174.7874066,Mitesh Food Market,-41.298385,174.785962,Convenience Store
384,Mount victoria,-41.2970453,174.7874066,Mojo Pōneke,-41.29046178576904,174.78559224628466,Café
385,Mount victoria,-41.2970453,174.7874066,QT Wellington,-41.292393,174.782301,Hotel
386,Mount victoria,-41.2970453,174.7874066,Big Thumb,-41.29270054994887,174.7825231412614,Chinese Restaurant
387,Mount victoria,-41.2970453,174.7874066,Hataitai Bus Tunnel,-41.300701177201994,174.79020595550534,Tunnel
388,Mount victoria,-41.2970453,174.7874066,Mt Victoria Tunnel,-41.302925727707645,174.78771686553955,Tunnel
389,Mount victoria,-41.2970453,174.7874066,One80 restaurant,-41.291949268206594,174.78734196377917,Restaurant
390,Mount victoria,-41.2970453,174.7874066,Istana Malaysia,-41.29247572892877,174.7824975872942,Malay Restaurant
391,Mount victoria,-41.2970453,174.7874066,Lola Stays,-41.291734,174.787977,Restaurant
392,Mount victoria,-41.2970453,174.7874066,Waitangi Park Play Area,-41.291819743532336,174.78592978568886,Playground
393,Mount victoria,-41.2970453,174.7874066,Clyde Quay Wharf,-41.2914026451696,174.78691895112271,Pier
394,Mount victoria,-41.2970453,174.7874066,The Enormous Crocodile Company,-41.2912116975343,174.78601685340792,Bike Rental / Bike Share
395,Mount victoria,-41.2970453,174.7874066,Hobbit Artisan Market,-41.291208590223704,174.78492106579878,Market
396,Mount cook,-41.3005712,174.7721374,Pukeahu National War Memorial Park,-41.298556178914446,174.77740288537797,Monument / Landmark
397,Mount cook,-41.3005712,174.7721374,Heyday Beer Co,-41.29672507610351,174.77360021890735,Bar
398,Mount cook,-41.3005712,174.7721374,Light House Cuba,-41.29609460696033,174.775276287206,Indie Movie Theater
399,Mount cook,-41.3005712,174.7721374,Central Park,-41.30095909999015,174.7671604156494,Park
400,Mount cook,-41.3005712,174.7721374,The Great War Exhibition,-41.299535,174.777214,Exhibit
401,Mount cook,-41.3005712,174.7721374,The Third Eye - Tuatara Temple of Taste,-41.29726924803836,174.77429154242577,Brewery
402,Mount cook,-41.3005712,174.7721374,Ekim Burgers,-41.29622931018094,174.77420481836467,Burger Joint
403,Mount cook,-41.3005712,174.7721374,Havana Bar,-41.29593148107729,174.77500533701712,Bar
404,Mount cook,-41.3005712,174.7721374,Fidel's Cafe,-41.29592152019071,174.7742319197476,Café
405,Mount cook,-41.3005712,174.7721374,Martha's Pantry,-41.29710944919055,174.77325946183367,Tea Room
406,Mount cook,-41.3005712,174.7721374,Southern Cross Garden Bar Restaurant,-41.29649709965114,174.77437707792853,Bar
407,Mount cook,-41.3005712,174.7721374,Garage Project,-41.295393137967444,174.76788656210468,Brewery
408,Mount cook,-41.3005712,174.7721374,Logan Brown Restaurant & Bar,-41.29482128324447,174.77481326050722,Restaurant
409,Mount cook,-41.3005712,174.7721374,Basin Reserve,-41.30034653170272,174.7801637649536,Cricket Ground
410,Mount cook,-41.3005712,174.7721374,Garage Project Taproom,-41.295337979801324,174.7668540455652,Beer Bar
411,Mount cook,-41.3005712,174.7721374,Havana Coffee Works,-41.29751631879276,174.77894115680525,Coffee Shop
412,Mount cook,-41.3005712,174.7721374,Rasa,-41.2950934761358,174.77473610073963,Malay Restaurant
413,Mount cook,-41.3005712,174.7721374,The Bresolin,-41.29498102817851,174.77130532884985,Restaurant
414,Mount cook,-41.3005712,174.7721374,The Flying Burrito Brothers,-41.29469685850922,174.7749014005381,Mexican Restaurant
415,Mount cook,-41.3005712,174.7721374,Wellington Trawling Sea Market,-41.295664083104235,174.7743938874997,Fish Market
416,Mount cook,-41.3005712,174.7721374,Exodus Health & Fitness Club,-41.29721947557871,174.77925094875258,Gym
417,Mount cook,-41.3005712,174.7721374,Le Moulin Bakery,-41.294013927496216,174.7720745714412,Bakery
418,Mount cook,-41.3005712,174.7721374,Midnight Espresso,-41.294648752253245,174.77496310652904,Café
419,Mount cook,-41.3005712,174.7721374,Loretta,-41.29430875903236,174.775225829341,Restaurant
420,Mount cook,-41.3005712,174.7721374,Mt Cook Cafe,-41.303892504151534,174.775005980361,Café
421,Mount cook,-41.3005712,174.7721374,Ombra,-41.29478404470713,174.7749120188611,Italian Restaurant
422,Mount cook,-41.3005712,174.7721374,S&M's Cocktail and Lounge Bar,-41.294553218494165,174.7750026866532,Gay Bar
423,Mount cook,-41.3005712,174.7721374,BurgerFuel,-41.294584,174.775158,Burger Joint
424,Mount cook,-41.3005712,174.7721374,Salvation Coffee,-41.303716,174.779085,Café
425,Mount cook,-41.3005712,174.7721374,Emporio,-41.295751316899036,174.77254896042538,Coffee Shop
426,Mount cook,-41.3005712,174.7721374,Aro Cafe,-41.29531870331495,174.76692362692086,Café
427,Mount cook,-41.3005712,174.7721374,Hell Pizza,-41.29763920965347,174.77327128704317,Pizza Place
428,Mount cook,-41.3005712,174.7721374,Willis Wellington Hotel,-41.296595732198156,174.77057684037484,Hotel
429,Mount cook,-41.3005712,174.7721374,Te Aro Fish Supplies Ltd,-41.29535642588941,174.76700819269678,Fish Market
430,Mount cook,-41.3005712,174.7721374,Crafters & Co,-41.29432586974737,174.77281703024053,Bar
431,Mount cook,-41.3005712,174.7721374,Central Park Playground,-41.299832375851715,174.76854290362795,Playground
432,Mount cook,-41.3005712,174.7721374,Arobake,-41.29532244084172,174.76718583963674,Bakery
433,Mount cook,-41.3005712,174.7721374,Il Piccolo,-41.2939567135419,174.77199937772804,Italian Restaurant
434,Mount cook,-41.3005712,174.7721374,Leisure Inn Hotel,-41.296385479589034,174.7706810115917,Hotel
435,Mount cook,-41.3005712,174.7721374,LiquorLand,-41.29540170506247,174.77205652767526,Liquor Store
436,Mount cook,-41.3005712,174.7721374,Prince of Wales Park,-41.305685981550106,174.77391268569284,Park
437,Mount cook,-41.3005712,174.7721374,Pizza Hut,-41.303445622676094,174.77894444402497,Pizza Place
438,Mount cook,-41.3005712,174.7721374,Aro Park,-41.295373231457674,174.76831912994385,Park
439,Mount cook,-41.3005712,174.7721374,Jaycar Electronics,-41.30393263,174.77872307,Electronics Store
440,Mount cook,-41.3005712,174.7721374,Wild Bean Cafe,-41.30320832,174.77954055,Café
441,Mount cook,-41.3005712,174.7721374,Aro Video,-41.29464713735326,174.76886034525404,Video Store
442,Mount cook,-41.3005712,174.7721374,Deliaro,-41.29463836514195,174.76884879473215,Deli / Bodega
443,Oriental bay,-41.2918354,174.793919,Oriental Bay,-41.29102579369427,174.792535080198,Beach
444,Oriental bay,-41.2918354,174.793919,Kaffee Eis,-41.29126256643212,174.7944401820066,Ice Cream Shop
445,Oriental bay,-41.2918354,174.793919,Mount Victoria,-41.2959777857694,174.79421854019165,Mountain
446,Oriental bay,-41.2918354,174.793919,Coene's Provisions,-41.29145321843839,174.78797058406565,Tapas Restaurant
447,Oriental bay,-41.2918354,174.793919,Freyberg Pool & Fitness Centre,-41.291006944432716,174.78978317608994,Pool
448,Oriental bay,-41.2918354,174.793919,Bernie's On The Bay,-41.2913165541284,174.78992220785454,Café
449,Oriental bay,-41.2918354,174.793919,Balaena Bay,-41.2920394232002,174.80272308117657,Beach
450,Oriental bay,-41.2918354,174.793919,Waitangi Park,-41.29153526046129,174.78511983813794,Park
451,Oriental bay,-41.2918354,174.793919,Beach Babylon,-41.29136054447935,174.79395911334143,Café
452,Oriental bay,-41.2918354,174.793919,Ohtel,-41.29226255905744,174.78609432218767,Hotel
453,Oriental bay,-41.2918354,174.793919,Whitebait,-41.29027368279359,174.7854613172054,Modern European Restaurant
454,Oriental bay,-41.2918354,174.793919,Poneke,-41.29058808978588,174.78540525361822,Café
455,Oriental bay,-41.2918354,174.793919,Vista Cafe,-41.29163754829962,174.78780049099228,Café
456,Oriental bay,-41.2918354,174.793919,Parade Cafe,-41.290252179127485,174.78937851134503,Café
457,Oriental bay,-41.2918354,174.793919,Chalk,-41.290447213153456,174.78513846903755,Café
458,Oriental bay,-41.2918354,174.793919,Raglan Roast Coffee,-41.29082147523796,174.7853079475616,Coffee Shop
459,Oriental bay,-41.2918354,174.793919,Copthorne Hotel Wellington Oriental Bay,-41.29187476714997,174.78744998574257,Hotel
460,Oriental bay,-41.2918354,174.793919,Mojo Pōneke,-41.29046178576904,174.78559224628466,Café
461,Oriental bay,-41.2918354,174.793919,Oriental Bay Store,-41.290966272354126,174.795394,Convenience Store
462,Oriental bay,-41.2918354,174.793919,Apollo Lodge Motel,-41.29457989717409,174.78613917257863,Motel
463,Oriental bay,-41.2918354,174.793919,Oriental Bay Play Ground,-41.29068725551214,174.79053467363377,Playground
464,Oriental bay,-41.2918354,174.793919,Freyberg Beach,-41.290622348645904,174.79021720050306,Beach
465,Oriental bay,-41.2918354,174.793919,Gelissimo,-41.290564,174.789974,Ice Cream Shop
466,Oriental bay,-41.2918354,174.793919,Tug Boat on the Bay,-41.29009187221527,174.789537,Restaurant
467,Oriental bay,-41.2918354,174.793919,Lola Stays,-41.291734,174.787977,Restaurant
468,Oriental bay,-41.2918354,174.793919,Royal Port Nicholson Yacht Club,-41.291434398216474,174.78797451101806,Sports Club
469,Oriental bay,-41.2918354,174.793919,One80 restaurant,-41.291949268206594,174.78734196377917,Restaurant
470,Oriental bay,-41.2918354,174.793919,Byrd Memorial,-41.296961767134896,174.79381927153537,Monument / Landmark
471,Oriental bay,-41.2918354,174.793919,The Enormous Crocodile Company,-41.2912116975343,174.78601685340792,Bike Rental / Bike Share
472,Oriental bay,-41.2918354,174.793919,Social Cooking,-41.29016264385884,174.78546641389244,Food
473,Oriental bay,-41.2918354,174.793919,Bay Plaza Hotel,-41.29292999008852,174.78511465914298,Hotel
474,Te aro,-41.2924322,174.7788891,Golding's Free Dive,-41.29268877173747,174.77710323312402,Dive Bar
475,Te aro,-41.2924322,174.7788891,Six Barrel Soda Co,-41.29191172410416,174.7775009714804,Café
476,Te aro,-41.2924322,174.7788891,Hashigo Zake,-41.291585406595054,174.77934141731058,Bar
477,Te aro,-41.2924322,174.7788891,Red Rabbit Coffee Co. / Leeds Street Bakery,-41.29291607459048,174.77694629585497,Coffee Shop
478,Te aro,-41.2924322,174.7788891,Egmont St Eatery,-41.29248869720824,174.7778363722754,Restaurant
479,Te aro,-41.2924322,174.7788891,Pizza Pomodoro,-41.29255929366801,174.7769395466557,Pizza Place
480,Te aro,-41.2924322,174.7788891,Les Mills Extreme,-41.292933647436165,174.77842632521023,Gym
481,Te aro,-41.2924322,174.7788891,Customs Brew Bar,-41.29335538338581,174.77637956754478,Coffee Shop
482,Te aro,-41.2924322,174.7788891,Sixes and Sevens,-41.29282318846354,174.77862231947893,Bakery
483,Te aro,-41.2924322,174.7788891,Husk,-41.29274352922984,174.7752448138708,Beer Bar
484,Te aro,-41.2924322,174.7788891,Noble Rot Wine bar,-41.29387653888157,174.77579466552064,Wine Bar
485,Te aro,-41.2924322,174.7788891,The Library,-41.29356327298233,174.78108464977345,Lounge
486,Te aro,-41.2924322,174.7788891,Scopa Caffé Cucina,-41.293377,174.77577,Italian Restaurant
487,Te aro,-41.2924322,174.7788891,BurgerFuel,-41.292838,174.778846,Burger Joint
488,Te aro,-41.2924322,174.7788891,Giddy-Up,-41.29132547529784,174.77706135806153,Snack Place
489,Te aro,-41.2924322,174.7788891,Memphis Belle Coffee House,-41.29187360710586,174.77747000907686,Coffee Shop
490,Te aro,-41.2924322,174.7788891,KC Cafe & Takeaway,-41.29363548041123,174.78187007515032,Asian Restaurant
491,Te aro,-41.2924322,174.7788891,Joe's Garage,-41.292293249849344,174.78183220672574,Breakfast Spot
492,Te aro,-41.2924322,174.7788891,Kaffee Eis,-41.29372397208561,174.782226880146,Ice Cream Shop
493,Te aro,-41.2924322,174.7788891,Museum Of New Zealand Te Papa Tongarewa,-41.29029579480309,174.78205310339186,Museum
494,Te aro,-41.2924322,174.7788891,St James Theatre,-41.29299878329729,174.77966176526164,Theater
495,Te aro,-41.2924322,174.7788891,Pizzeria Napoli,-41.29371,174.782594,Pizza Place
496,Te aro,-41.2924322,174.7788891,Museum Hotel & Apartments,-41.29183947663434,174.78258957042357,Hotel
497,Te aro,-41.2924322,174.7788891,Gallipoli: The Scale of Our War,-41.29028284853568,174.7819128788783,Exhibit
498,Te aro,-41.2924322,174.7788891,Dragons Chinese Restaurant,-41.29305718339896,174.78147744760335,Chinese Restaurant
499,Te aro,-41.2924322,174.7788891,Floriditas,-41.293784194017036,174.7754255166059,Restaurant
500,Te aro,-41.2924322,174.7788891,Crepes a Go-Go,-41.29079037300304,174.7761849840647,Creperie
501,Te aro,-41.2924322,174.7788891,Lamason,-41.289842893558614,174.77600104066693,Coffee Shop
502,Te aro,-41.2924322,174.7788891,The Rogue & Vagabond,-41.29342818414891,174.77484636927474,Pub
503,Te aro,-41.2924322,174.7788891,Milk Crate,-41.293333257069165,174.77637667424744,Coffee Shop
504,Te aro,-41.2924322,174.7788891,Kazu Yakitori & Sake Bar,-41.293619800408386,174.78175292508112,Sake Bar
505,Te aro,-41.2924322,174.7788891,Restaurant 88,-41.29514728015846,174.78003713952646,Vietnamese Restaurant
506,Te aro,-41.2924322,174.7788891,Hawthorn Lounge,-41.29501688025087,174.78023736553985,Cocktail Bar
507,Te aro,-41.2924322,174.7788891,Logan Brown Restaurant & Bar,-41.29482128324447,174.77481326050722,Restaurant
508,Te aro,-41.2924322,174.7788891,Embassy Theatre,-41.29412844987249,174.78388281910063,Movie Theater
509,Te aro,-41.2924322,174.7788891,Wellington Waterfront,-41.28807366373124,174.77952846465723,Waterfront
510,Te aro,-41.2924322,174.7788891,Raglan Roast,-41.293996217347825,174.77989155206353,Coffee Shop
511,Te aro,-41.2924322,174.7788891,Chow,-41.293785,174.781075,Asian Restaurant
512,Te aro,-41.2924322,174.7788891,Matterhorn,-41.29233480920207,174.7756757922725,Lounge
513,Te aro,-41.2924322,174.7788891,Moore Wilson’s,-41.29602991331932,174.7803851223326,Grocery Store
514,Te aro,-41.2924322,174.7788891,Flight Coffee Hangar,-41.29094788276601,174.77395000261714,Coffee Shop
515,Te aro,-41.2924322,174.7788891,Tatsushi,-41.28968965102659,174.77569090117635,Japanese Restaurant
516,Te aro,-41.2924322,174.7788891,Gryphon Theatre,-41.2935,174.777,Indie Theater
517,Te aro,-41.2924322,174.7788891,Viva Mexico,-41.29247996224293,174.77539616262473,Mexican Restaurant
518,Te aro,-41.2924322,174.7788891,Fortune Favours,-41.29315717442872,174.77666501512326,Brewery
519,Te aro,-41.2924322,174.7788891,Little Beer Quarter,-41.29062461447642,174.77514736645512,Beer Bar
520,Te aro,-41.2924322,174.7788891,Apache,-41.289697,174.777128,Vietnamese Restaurant
521,Te aro,-41.2924322,174.7788891,Light House Cuba,-41.29609460696033,174.775276287206,Indie Movie Theater
522,Te aro,-41.2924322,174.7788891,Monsoon Poon,-41.29305003029305,174.78311299509534,Asian Restaurant
523,Te aro,-41.2924322,174.7788891,The Mt. Vic Chippery,-41.294063292752256,174.784312071218,Fish & Chips Shop
524,Te aro,-41.2924322,174.7788891,Longxiang,-41.291120722061066,174.7745482658411,Chinese Restaurant
525,Te aro,-41.2924322,174.7788891,Burger Liquor,-41.28980667781792,174.77436017151382,Burger Joint
526,Te aro,-41.2924322,174.7788891,Ortega Fish Shack,-41.29429428662233,174.7848913717297,Seafood Restaurant
527,Te aro,-41.2924322,174.7788891,Nicolini's,-41.29378493835358,174.78250128533043,Italian Restaurant
528,Te aro,-41.2924322,174.7788891,Loretta,-41.29430875903236,174.775225829341,Restaurant
529,Te aro,-41.2924322,174.7788891,Capitol,-41.29408101858284,174.7838730887911,Restaurant
530,Te aro,-41.2924322,174.7788891,Black Sparrow,-41.29415837126482,174.78399835162077,Lounge
531,Te aro,-41.2924322,174.7788891,Best Ugly Bagels,-41.29371665184771,174.77571880900504,Bagel Shop
532,Te aro,-41.2924322,174.7788891,Havana Bar,-41.29593148107729,174.77500533701712,Bar
533,Te aro,-41.2924322,174.7788891,Siem Reap,-41.29114751742208,174.7744540959846,Cambodian Restaurant
534,Te aro,-41.2924322,174.7788891,City to Sea Bridge,-41.2888220476335,174.7784464718706,Bridge
535,Te aro,-41.2924322,174.7788891,Prefab - ACME HQ,-41.29550451774387,174.77869236338586,Café
536,Te aro,-41.2924322,174.7788891,Mrs Kims Korean Kitchen,-41.292681816471294,174.77398752022313,Korean Restaurant
537,Te aro,-41.2924322,174.7788891,Sweet Mother's Kitchen,-41.29402009985825,174.7832786342386,Southern / Soul Food Restaurant
538,Te aro,-41.2924322,174.7788891,The Flying Burrito Brothers,-41.29469685850922,174.7749014005381,Mexican Restaurant
539,Te aro,-41.2924322,174.7788891,Harbourside Market,-41.29121374134778,174.78335124964806,Farmers Market
540,Te aro,-41.2924322,174.7788891,Nikau Gallery Cafe,-41.288483020232675,174.77757845883235,Café
541,Te aro,-41.2924322,174.7788891,PhotonFlux,-41.292908607065776,174.7735498206839,Bar
542,Te aro,-41.2924322,174.7788891,Rasa,-41.2950934761358,174.77473610073963,Malay Restaurant
543,Te aro,-41.2924322,174.7788891,Midnight Espresso,-41.294648752253245,174.77496310652904,Café
544,Te aro,-41.2924322,174.7788891,Hummingbird,-41.293829991058814,174.78272584860503,Restaurant
545,Te aro,-41.2924322,174.7788891,Waitangi Park,-41.29153526046129,174.78511983813794,Park
546,Te aro,-41.2924322,174.7788891,BurgerFuel,-41.294584,174.775158,Burger Joint
547,Te aro,-41.2924322,174.7788891,Neo Cafe & Eatery,-41.289456239241396,174.77456294199717,Café
548,Te aro,-41.2924322,174.7788891,S&M's Cocktail and Lounge Bar,-41.294553218494165,174.7750026866532,Gay Bar
549,Te aro,-41.2924322,174.7788891,Caffe L'affare,-41.296105543238816,174.78031111858195,Café
550,Te aro,-41.2924322,174.7788891,Fidel's Cafe,-41.29592152019071,174.7742319197476,Café
551,Te aro,-41.2924322,174.7788891,Civic Square,-41.28867601035872,174.77722921752957,Plaza
552,Te aro,-41.2924322,174.7788891,Havana Coffee Works,-41.29751631879276,174.77894115680525,Coffee Shop
553,Te aro,-41.2924322,174.7788891,Ombra,-41.29478404470713,174.7749120188611,Italian Restaurant
554,Te aro,-41.2924322,174.7788891,Ekim Burgers,-41.29622931018094,174.77420481836467,Burger Joint
555,Te aro,-41.2924322,174.7788891,Exodus Health & Fitness Club,-41.29721947557871,174.77925094875258,Gym
556,Te aro,-41.2924322,174.7788891,Pukeahu National War Memorial Park,-41.298556178914446,174.77740288537797,Monument / Landmark
557,Te aro,-41.2924322,174.7788891,Heyday Beer Co,-41.29672507610351,174.77360021890735,Bar
558,Te aro,-41.2924322,174.7788891,Phoenician Falafel,-41.29410934679311,174.7836019515716,Falafel Restaurant
559,Te aro,-41.2924322,174.7788891,Le Moulin Bakery,-41.294013927496216,174.7720745714412,Bakery
560,Te aro,-41.2924322,174.7788891,PB Technologies,-41.297011190584655,174.7813403691951,Electronics Store
561,Te aro,-41.2924322,174.7788891,Southern Cross Garden Bar Restaurant,-41.29649709965114,174.77437707792853,Bar
562,Te aro,-41.2924322,174.7788891,Wellington Trawling Sea Market,-41.295664083104235,174.7743938874997,Fish Market
563,Te aro,-41.2924322,174.7788891,Holland Road Yarn Company,-41.286746,174.776047,Arts & Crafts Store
564,Te aro,-41.2924322,174.7788891,The Third Eye - Tuatara Temple of Taste,-41.29726924803836,174.77429154242577,Brewery
565,Te aro,-41.2924322,174.7788891,Photo Espresso,-41.286103743272655,174.7773797168806,Camera Store
566,Te aro,-41.2924322,174.7788891,The Hop Garden,-41.2972026669215,174.78291612986766,Beer Garden
567,Te aro,-41.2924322,174.7788891,Whitebait,-41.29027368279359,174.7854613172054,Modern European Restaurant
568,Te aro,-41.2924322,174.7788891,Ohtel,-41.29226255905744,174.78609432218767,Hotel
569,Te aro,-41.2924322,174.7788891,The Bresolin,-41.29498102817851,174.77130532884985,Restaurant
570,Te aro,-41.2924322,174.7788891,Poneke,-41.29058808978588,174.78540525361822,Café
571,Te aro,-41.2924322,174.7788891,HK BBQ & Tea,-41.29460859153894,174.7839480056834,Chinese Restaurant
572,Te aro,-41.2924322,174.7788891,Martha's Pantry,-41.29710944919055,174.77325946183367,Tea Room
573,Te aro,-41.2924322,174.7788891,Welsh Dragon Bar,-41.29368675828649,174.78402084769866,Bar
574,Thorndon,-41.2745396,174.7756309,New World Thorndon,-41.2743557918068,174.7785482911815,Supermarket
575,Thorndon,-41.2745396,174.7756309,Thorndon Chippery,-41.27511133541983,174.77953360687187,Fish & Chips Shop
576,Thorndon,-41.2745396,174.7756309,Mojo Summit,-41.27284379915659,174.77805133744684,Coffee Shop
577,Thorndon,-41.2745396,174.7756309,Sofitel Wellington,-41.27972322894478,174.77470497260185,Hotel
578,Thorndon,-41.2745396,174.7756309,Parliament Grounds,-41.27825799001019,174.77730989456177,Garden
579,Thorndon,-41.2745396,174.7756309,Fuel Espresso,-41.27604117520096,174.77908711841715,Coffee Shop
580,Thorndon,-41.2745396,174.7756309,Cityfitness Thorndon,-41.27580246730107,174.78171375056704,Gym
581,Thorndon,-41.2745396,174.7756309,Cosa Nostra,-41.278375911976134,174.76970547711514,Italian Restaurant
582,Thorndon,-41.2745396,174.7756309,Starfish Fish & Chips,-41.27454819551939,174.77815686458706,Fish & Chips Shop
583,Thorndon,-41.2745396,174.7756309,Ministry of Food Bar & Kitchen,-41.2784921010879,174.77476156034461,Café
584,Thorndon,-41.2745396,174.7756309,Cafe Leafee,-41.27825198085591,174.7698841905708,Café
585,Thorndon,-41.2745396,174.7756309,Where's Charlie,-41.28007110473854,174.7761313111265,Vietnamese Restaurant
586,Thorndon,-41.2745396,174.7756309,The Dwellington,-41.273340414926665,174.77935865019174,Hostel
587,Thorndon,-41.2745396,174.7756309,Hillside Kitchen & Cellar,-41.27698765706347,174.77146409676232,Restaurant
588,Thorndon,-41.2745396,174.7756309,Sir Breadwins,-41.28080314386668,174.7761083619576,Sandwich Place
589,Thorndon,-41.2745396,174.7756309,The Thistle Inn,-41.277764348409185,174.7797934781755,Gastropub
590,Thorndon,-41.2745396,174.7756309,Les Mills Lambton Quay,-41.27977928973591,174.776513732761,Gym / Fitness Center
591,Thorndon,-41.2745396,174.7756309,Seize,-41.28087770838137,174.77598845867197,Salad Place
592,Thorndon,-41.2745396,174.7756309,Backbencher Pub and Cafe,-41.277669,174.77791,Gastropub
593,Thorndon,-41.2745396,174.7756309,Word of Mouth,-41.27619345212973,174.77803861027138,Café
594,Thorndon,-41.2745396,174.7756309,Yoshi Sushi & Bento,-41.280080257855126,174.77620310049466,Sushi Restaurant
595,Thorndon,-41.2745396,174.7756309,Rydges Hotel,-41.28083393706108,174.77840486240214,Hotel
596,Thorndon,-41.2745396,174.7756309,Bolton Hotel,-41.279494560958184,174.77473636123855,Hotel
597,Thorndon,-41.2745396,174.7756309,Wellington Seamarket,-41.28095901629461,174.77616929945756,Fish Market
598,Thorndon,-41.2745396,174.7756309,Mojo Featherston,-41.28001710588259,174.7790590183044,Coffee Shop
599,Thorndon,-41.2745396,174.7756309,Artisan Restaurant @ Bolton Hotel,-41.27947510113961,174.77472654363012,Restaurant
600,Thorndon,-41.2745396,174.7756309,Bethel Woods,-41.28124285812877,174.77505840175542,BBQ Joint
601,Thorndon,-41.2745396,174.7756309,Sprig & Fern,-41.278822454095675,174.76912140129016,Brewery
602,Thorndon,-41.2745396,174.7756309,Portlander,-41.280854706189096,174.77837381209986,Steakhouse
603,Thorndon,-41.2745396,174.7756309,Coffee 32,-41.28032386572328,174.7753154588346,Coffee Shop
604,Thorndon,-41.2745396,174.7756309,The Churchill,-41.280681623122575,174.77598836932276,Gastropub
605,Thorndon,-41.2745396,174.7756309,Cafe Vanilla,-41.27700399558504,174.77963998072318,Café
606,Thorndon,-41.2745396,174.7756309,The Old Bailey,-41.280087827726156,174.77626449627002,Gastropub
607,Thorndon,-41.2745396,174.7756309,Dumpling'd,-41.28007279629892,174.77569462137086,Dumpling Restaurant
608,Thorndon,-41.2745396,174.7756309,Bordeaux Bakery & Brasserie,-41.27146565653782,174.78187604623335,Bakery
609,Thorndon,-41.2745396,174.7756309,Toyworld,-41.28083984625422,174.7773013011773,Toy / Game Store
610,Thorndon,-41.2745396,174.7756309,The Speight's Ale House,-41.278176086655954,174.7699743222084,Bar
611,Thorndon,-41.2745396,174.7756309,Indus Bistro and Tandoor,-41.275941780114216,174.77253156400312,Indian Restaurant
612,Thorndon,-41.2745396,174.7756309,The Thorndon Tennis & Squash Club,-41.272911,174.779402,Tennis Court
613,Thorndon,-41.2745396,174.7756309,Tinakori Bistro,-41.27843,174.76953,Restaurant
614,Thorndon,-41.2745396,174.7756309,The Shepherds Arms Hotel,-41.278172646641444,174.77000080794272,Hotel
615,Thorndon,-41.2745396,174.7756309,Seddon Memorial,-41.27942331629239,174.77167311183197,Monument / Landmark
616,Thorndon,-41.2745396,174.7756309,Gar-Fare Café,-41.270609998528414,174.78147047145146,Café
617,Thorndon,-41.2745396,174.7756309,Anderson Park,-41.27967566052315,174.77084214495486,Park
618,Highbury,-41.2927984,174.7560963,Zealandia Eco-Sanctuary,-41.29087223968744,174.75327732887666,Nature Preserve
619,Highbury,-41.2927984,174.7560963,Mediterranean Food Warehouse,-41.289113,174.76221032,Pizza Place
620,Highbury,-41.2927984,174.7560963,Pratha 2 Go,-41.289000888253845,174.76181745529175,Malay Restaurant
621,Highbury,-41.2927984,174.7560963,Caffe MODE,-41.28915883923364,174.76260231908168,Coffee Shop
622,Highbury,-41.2927984,174.7560963,Rata Café,-41.29100226772245,174.75337778943808,Café
623,Highbury,-41.2927984,174.7560963,Kelburn Village Pub,-41.289403449114346,174.76213313693407,Pub
624,Highbury,-41.2927984,174.7560963,Kelburn Cafe,-41.289265425718604,174.76233089455863,Café
625,Highbury,-41.2927984,174.7560963,Polhill Reserve,-41.29394406631803,174.76161913004097,Nature Preserve
626,Highbury,-41.2927984,174.7560963,Karori Tunnel,-41.287336157161796,174.7556483745575,Tunnel
627,Highbury,-41.2927984,174.7560963,Paradise Seafoods,-41.289034844552596,174.76205252782776,Fish & Chips Shop
628,Highbury,-41.2927984,174.7560963,Brezelmania,-41.28922258047282,174.76261138916016,Bakery
629,Pipitea,-41.2768345,174.7848189,Cityfitness Thorndon,-41.27580246730107,174.78171375056704,Gym
630,Pipitea,-41.2768345,174.7848189,Thorndon Chippery,-41.27511133541983,174.77953360687187,Fish & Chips Shop
631,Pipitea,-41.2768345,174.7848189,New World Thorndon,-41.2743557918068,174.7785482911815,Supermarket
632,Pipitea,-41.2768345,174.7848189,The Thistle Inn,-41.277764348409185,174.7797934781755,Gastropub
633,Pipitea,-41.2768345,174.7848189,Fuel Espresso,-41.27604117520096,174.77908711841715,Coffee Shop
634,Pipitea,-41.2768345,174.7848189,Parliament Grounds,-41.27825799001019,174.77730989456177,Garden
635,Pipitea,-41.2768345,174.7848189,Westpac Stadium,-41.27380713060605,174.78591442108154,Stadium
636,Pipitea,-41.2768345,174.7848189,Mojo Summit,-41.27284379915659,174.77805133744684,Coffee Shop
637,Pipitea,-41.2768345,174.7848189,The Dwellington,-41.273340414926665,174.77935865019174,Hostel
638,Pipitea,-41.2768345,174.7848189,Rydges Hotel,-41.28083393706108,174.77840486240214,Hotel
639,Pipitea,-41.2768345,174.7848189,Mojo Featherston,-41.28001710588259,174.7790590183044,Coffee Shop
640,Pipitea,-41.2768345,174.7848189,Backbencher Pub and Cafe,-41.277669,174.77791,Gastropub
641,Pipitea,-41.2768345,174.7848189,Starfish Fish & Chips,-41.27454819551939,174.77815686458706,Fish & Chips Shop
642,Pipitea,-41.2768345,174.7848189,Portlander,-41.280854706189096,174.77837381209986,Steakhouse
643,Pipitea,-41.2768345,174.7848189,Cafe Vanilla,-41.27700399558504,174.77963998072318,Café
644,Pipitea,-41.2768345,174.7848189,Word of Mouth,-41.27619345212973,174.77803861027138,Café
645,Pipitea,-41.2768345,174.7848189,Bordeaux Bakery & Brasserie,-41.27146565653782,174.78187604623335,Bakery
646,Pipitea,-41.2768345,174.7848189,CentrePort Wellington,-41.272578676234964,174.78769871900144,Pier
647,Pipitea,-41.2768345,174.7848189,The Thorndon Tennis & Squash Club,-41.272911,174.779402,Tennis Court
648,Pipitea,-41.2768345,174.7848189,Thrifty Car Rental,-41.2704,174.7865,Rental Car Location
649,Pipitea,-41.2768345,174.7848189,Gar-Fare Café,-41.270609998528414,174.78147047145146,Café
650,Brooklyn,-41.306574,174.7623545,Cafe Caribe,-41.30519379652946,174.76388220684265,Café
651,Brooklyn,-41.306574,174.7623545,Penthouse Cinema & Cafe,-41.30550971548974,174.76332921880422,Indie Movie Theater
652,Brooklyn,-41.306574,174.7623545,Central Park,-41.30095909999015,174.7671604156494,Park
653,Brooklyn,-41.306574,174.7623545,United Video,-41.305254,174.763666,Video Store
654,Brooklyn,-41.306574,174.7623545,Brooklyn Pharmacy,-41.30534827709198,174.76354479789734,Pharmacy
655,Brooklyn,-41.306574,174.7623545,Brooklyn Deli,-41.305293332303926,174.76359233807534,Deli / Bodega
656,Brooklyn,-41.306574,174.7623545,Brooklyn Bar & Bistro,-41.3052765448276,174.76378098746991,Gastropub
657,Brooklyn,-41.306574,174.7623545,Burger Wisconsin,-41.305263929040024,174.76377415716243,Burger Joint
658,Brooklyn,-41.306574,174.7623545,Nanking Takeaways,-41.30514475025292,174.7641990730968,Fast Food Restaurant
659,Brooklyn,-41.306574,174.7623545,Wing On Chang Foodmarket,-41.30502886338235,174.76511796251714,Convenience Store
660,Brooklyn,-41.306574,174.7623545,Jo's Pies,-41.304974,174.765125,Pie Shop
661,Berhampore,-41.3232643,174.7740897,Macalister Park,-41.3203269580674,174.77157614121725,Park
662,Berhampore,-41.3232643,174.7740897,Martin Luckie Park,-41.32458694683371,174.77861881256104,Park
663,Berhampore,-41.3232643,174.7740897,Liquid Self Service Laundromat,-41.319618530317555,174.77775970277858,Laundromat
664,Berhampore,-41.3232643,174.7740897,Chinese Sports and Cultural Centre,-41.3239563130034,174.78049183062248,Recreation Center
665,Berhampore,-41.3232643,174.7740897,National Hockey Stadium,-41.325995373204506,174.78153696453293,Hockey Arena
666,Berhampore,-41.3232643,174.7740897,Island Bay Skate Park,-41.32968025620748,174.774471800854,Skate Park
667,Island bay,-41.3323139,174.7716525,Floyd's,-41.33415010053813,174.77325471929487,Café
668,Island bay,-41.3323139,174.7716525,Blue Belle Cafe,-41.33466431370635,174.77324317503556,Café
669,Island bay,-41.3323139,174.7716525,Brew'd Island Bay,-41.33520924992448,174.77338597190183,Beer Garden
670,Island bay,-41.3323139,174.7716525,Empire Cinema & Eatery,-41.33718792117227,174.77260527070857,Movie Theater
671,Island bay,-41.3323139,174.7716525,New World,-41.33464500172865,174.77267282781057,Supermarket
672,Island bay,-41.3323139,174.7716525,Bay's Takeaway,-41.334508441081894,174.7733228312012,Fast Food Restaurant
673,Island bay,-41.3323139,174.7716525,Island Bay Video,-41.33468401764138,174.7731683118074,Video Store
674,Island bay,-41.3323139,174.7716525,Island Bay Skate Park,-41.32968025620748,174.774471800854,Skate Park
675,Island bay,-41.3323139,174.7716525,Hell Pizza,-41.33660372198838,174.77334010706605,Pizza Place
676,Island bay,-41.3323139,174.7716525,Patrisha's Original Pies,-41.337199870672265,174.77185153872495,Pie Shop
677,Island bay,-41.3323139,174.7716525,Bodies alive training,-41.335753,174.7789414,Gym
678,Newtown,-41.3110524,174.7780368,Bebemos,-41.31089795668417,174.77896798764777,Latin American Restaurant
679,Newtown,-41.3110524,174.7780368,Monterey,-41.31188256195958,174.77916871320028,Bar
680,Newtown,-41.3110524,174.7780368,Baobab Café,-41.31301818228412,174.77960560896963,Café
681,Newtown,-41.3110524,174.7780368,Peoples Coffee,-41.31350351649571,174.78081323410908,Coffee Shop
682,Newtown,-41.3110524,174.7780368,Pranah Cafe,-41.3122090607701,174.77929962998945,Vegetarian / Vegan Restaurant
683,Newtown,-41.3110524,174.7780368,Viva Mexico,-41.31286639555103,174.77969647448674,Mexican Restaurant
684,Newtown,-41.3110524,174.7780368,MOON,-41.31318317172811,174.7797078864004,Dive Bar
685,Newtown,-41.3110524,174.7780368,Black Coffee,-41.311998,174.77923,Coffee Shop
686,Newtown,-41.3110524,174.7780368,The Ramen Shop,-41.31411665840551,174.77995939946015,Ramen Restaurant
687,Newtown,-41.3110524,174.7780368,BurgerFuel,-41.3074972,174.777632,Burger Joint
688,Newtown,-41.3110524,174.7780368,Mediterranean Foods,-41.313435,174.782341,Gourmet Shop
689,Newtown,-41.3110524,174.7780368,Cicio Cacio Osteria Newtown,-41.313083103984766,174.7800942529895,Italian Restaurant
690,Newtown,-41.3110524,174.7780368,The Office,-41.31230359742996,174.7792262524098,Bar
691,Newtown,-41.3110524,174.7780368,Planet Spice,-41.31240874507775,174.77937578314916,Indian Restaurant
692,Newtown,-41.3110524,174.7780368,Fish Fins,-41.313614819519614,174.77992639768456,Fish & Chips Shop
693,Newtown,-41.3110524,174.7780368,Newtown Fruit and Vegetable Market,-41.31112988265102,174.78010827005036,Farmers Market
694,Newtown,-41.3110524,174.7780368,Bowlarama Newtown,-41.30875211206701,174.77464439304592,Bowling Alley
695,Newtown,-41.3110524,174.7780368,Countdown,-41.30732997804101,174.77736851335067,Supermarket
696,Newtown,-41.3110524,174.7780368,Bus 11: Newtown / Train Station,-41.31086068552737,174.7783560925947,Bus Line
697,Newtown,-41.3110524,174.7780368,Mr Bun Bakery & Hot Bread Shop,-41.31279973642071,174.77958453402175,Bakery
698,Newtown,-41.3110524,174.7780368,Bus 11: Seatoun/Railway Station,-41.30910997308489,174.77948258968166,Bus Line
699,Newtown,-41.3110524,174.7780368,Wellington Indoor Sports,-41.30905988730254,174.77466041430353,Athletics & Sports
700,Newtown,-41.3110524,174.7780368,Unichem Newtown Mall Pharmacy,-41.3144938,174.7801542,Pharmacy
701,Newtown,-41.3110524,174.7780368,Liquorland,-41.313404900521334,174.78199546455943,Liquor Store
702,Newtown,-41.3110524,174.7780368,Aroy Thai Express,-41.31529161482998,174.7803287221852,Thai Restaurant
703,Newtown,-41.3110524,174.7780368,VTNZ Adelaide Rd,-41.30644394394161,174.77765855155852,Auto Garage
704,Newtown,-41.3110524,174.7780368,Bus Stop 7021,-41.312961248516125,174.7846201576804,Bus Station
705,Newtown,-41.3110524,174.7780368,Domino's Pizza,-41.31621407983401,174.78088940548434,Pizza Place
706,Vogeltown,-41.3129325,174.7688052,Bowlarama Newtown,-41.30875211206701,174.77464439304592,Bowling Alley
707,Vogeltown,-41.3129325,174.7688052,Mornington Dairy,-41.31562194072615,174.76535713572483,Convenience Store
708,Vogeltown,-41.3129325,174.7688052,Wellington Indoor Sports,-41.30905988730254,174.77466041430353,Athletics & Sports
709,Vogeltown,-41.3129325,174.7688052,Junglerama,-41.309093005893985,174.77486941766816,Playground
710,Vogeltown,-41.3129325,174.7688052,Capital City Gymnastics,-41.30826794966265,174.77456355882626,Gym
711,Vogeltown,-41.3129325,174.7688052,New Zealand School Of Dance,-41.30804198353215,174.77462473072575,Dance Studio
712,Vogeltown,-41.3129325,174.7688052,Te Whaea: National Dance & Drama Centre,-41.308000386617884,174.7746368516817,College Arts Building
713,Houghton bay,-41.3382326,174.7878218,Houghton Bay,-41.34181223632286,174.7874438940705,Beach
714,Houghton bay,-41.3382326,174.7878218,Buckley Road Reserve,-41.33793221510153,174.78303014556622,Nature Preserve
715,Houghton bay,-41.3382326,174.7878218,Dorrie Leslie Park,-41.338476268113254,174.79305487541617,Park
716,Houghton bay,-41.3382326,174.7878218,Waitaha Cove,-41.34247135977942,174.79130182159383,Beach
717,Houghton bay,-41.3382326,174.7878218,Southgate Park,-41.333739226783926,174.78145122528076,Soccer Field
718,Kingston,-41.3223122,174.7647252,Red Rocks Seal Colony,-41.32796426190917,174.7639509555947,Beach
719,Kingston,-41.3223122,174.7647252,Carlucci Land,-41.32792510471055,174.7639440908388,Mini Golf
720,Kingston,-41.3223122,174.7647252,Bus Stop 7730,-41.323637422898166,174.76345267941824,Bus Station
721,Kingston,-41.3223122,174.7647252,Kingston takeaways,-41.32376336193573,174.76344957595714,Fast Food Restaurant
722,Kingston,-41.3223122,174.7647252,Kingston Foodmarket,-41.32355265573405,174.76347811698463,Convenience Store
723,Kingston,-41.3223122,174.7647252,Macalister Park,-41.3203269580674,174.77157614121725,Park
724,Kingston,-41.3223122,174.7647252,To Te Kopahou Reserve,-41.3279042469925,174.7639313685982,Nature Preserve
725,Kingston,-41.3223122,174.7647252,Wakefield Park,-41.327920496325966,174.7639504071493,Soccer Field
726,Kingston,-41.3223122,174.7647252,Tawatawa Reserve,-41.32792896632185,174.76392392997928,Nature Preserve
727,Kingston,-41.3223122,174.7647252,City To Sea Walkway,-41.327944836290136,174.76392157377174,Trail
728,Kingston,-41.3223122,174.7647252,Mornington Dairy,-41.31562194072615,174.76535713572483,Convenience Store
729,Mornington,-41.3168779,174.7689811,Mornington Dairy,-41.31562194072615,174.76535713572483,Convenience Store
730,Mornington,-41.3168779,174.7689811,Macalister Park,-41.3203269580674,174.77157614121725,Park
731,Mornington,-41.3168779,174.7689811,Golden Sun,-41.319895,174.775356,Fast Food Restaurant
732,Mornington,-41.3168779,174.7689811,The Paperboat,-41.320034,174.77556,Modern European Restaurant
733,Southgate,-41.3338263,174.7812115,Floyd's,-41.33415010053813,174.77325471929487,Café
734,Southgate,-41.3338263,174.7812115,Blue Belle Cafe,-41.33466431370635,174.77324317503556,Café
735,Southgate,-41.3338263,174.7812115,Brew'd Island Bay,-41.33520924992448,174.77338597190183,Beer Garden
736,Southgate,-41.3338263,174.7812115,New World,-41.33464500172865,174.77267282781057,Supermarket
737,Southgate,-41.3338263,174.7812115,Bay's Takeaway,-41.334508441081894,174.7733228312012,Fast Food Restaurant
738,Southgate,-41.3338263,174.7812115,Island Bay Video,-41.33468401764138,174.7731683118074,Video Store
739,Southgate,-41.3338263,174.7812115,Hell Pizza,-41.33660372198838,174.77334010706605,Pizza Place
740,Southgate,-41.3338263,174.7812115,Island Bay Skate Park,-41.32968025620748,174.774471800854,Skate Park
741,Hataitai,-41.304278,174.7967804,The Realm,-41.304723,174.794284,Bar
742,Hataitai,-41.304278,174.7967804,Greta Point Cafe,-41.30417204647736,174.80224264834686,Café
743,Hataitai,-41.304278,174.7967804,Hataitai Hot Bread Shop,-41.304378316760655,174.79392037481296,Bakery
744,Hataitai,-41.304278,174.7967804,BurgerFuel,-41.304726,174.793651,Burger Joint
745,Hataitai,-41.304278,174.7967804,Crazy Rabbit Cafe,-41.304135,174.79395,Café
746,Hataitai,-41.304278,174.7967804,Nakhon Thai,-41.30426330451627,174.794784849502,Thai Restaurant
747,Hataitai,-41.304278,174.7967804,Japanese Kitchen,-41.30440871922092,174.79454040527344,Japanese Restaurant
748,Hataitai,-41.304278,174.7967804,Hell Pizza,-41.30408152,174.794377,Pizza Place
749,Hataitai,-41.304278,174.7967804,Burger Wisconsin,-41.303998,174.79427885,Burger Joint
750,Hataitai,-41.304278,174.7967804,Khana Khazana,-41.3043471,174.793846,Indian Restaurant
751,Hataitai,-41.304278,174.7967804,Four Square,-41.30394772605858,174.79386513497647,Grocery Store
752,Hataitai,-41.304278,174.7967804,Great Wall Takeaways,-41.304637,174.793835,Fish & Chips Shop
753,Hataitai,-41.304278,174.7967804,Hataitai Beach,-41.30588243254343,174.80002069291558,Beach
754,Hataitai,-41.304278,174.7967804,Cog Park,-41.30428860317074,174.80109071375963,Park
755,Hataitai,-41.304278,174.7967804,Dayal's Super Market,-41.302599,174.792109,Grocery Store
756,Hataitai,-41.304278,174.7967804,Haitaitai Tennis Courts,-41.30588690353155,174.79186749310983,Tennis Court
757,Hataitai,-41.304278,174.7967804,Hataitai Velodrome,-41.30537047246198,174.79033863825572,Track Stadium
758,Hataitai,-41.304278,174.7967804,Hataitai Park,-41.307471456909994,174.79125595608969,Park
759,Hataitai,-41.304278,174.7967804,ARTIVIST : creative,-41.30973592683607,174.79764103889465,Design Studio
760,Hataitai,-41.304278,174.7967804,Marrakech Cafe,-41.30290628714634,174.80401533481586,Moroccan Restaurant
761,Hataitai,-41.304278,174.7967804,Hataitai Bus Tunnel,-41.300701177201994,174.79020595550534,Tunnel
762,Lyall bay,-41.323407,174.7984817,ParrotDog Brewery,-41.327199,174.800011,Brewery
763,Lyall bay,-41.323407,174.7984817,Lyall Bay Beach,-41.328688520341586,174.79618883433662,Beach
764,Lyall bay,-41.323407,174.7984817,Elements Cafe,-41.32587810892148,174.7953211819828,Café
765,Lyall bay,-41.323407,174.7984817,ASB Sports Centre,-41.317227730472204,174.80200190686918,Recreation Center
766,Lyall bay,-41.323407,174.7984817,Spruce Goose,-41.32837483717062,174.80393145165405,Café
767,Lyall bay,-41.323407,174.7984817,The Botanist,-41.32893866984025,174.79546442627904,Vegetarian / Vegan Restaurant
768,Lyall bay,-41.323407,174.7984817,Kathmandu,-41.326488406570576,174.8038101196289,Sporting Goods Shop
769,Lyall bay,-41.323407,174.7984817,Countdown,-41.319160202058754,174.79488583736406,Supermarket
770,Lyall bay,-41.323407,174.7984817,PAK'nSAVE,-41.31880276981764,174.7964978529348,Supermarket
771,Lyall bay,-41.323407,174.7984817,Mint,-41.32700088702812,174.80312593477137,Café
772,Lyall bay,-41.323407,174.7984817,Leo's Seafood,-41.32129479957644,174.8016715737983,Fish & Chips Shop
773,Lyall bay,-41.323407,174.7984817,Sinbad Kebab House,-41.320377,174.796067,Middle Eastern Restaurant
774,Lyall bay,-41.323407,174.7984817,Centennial Coffee House,-41.32688722893716,174.8004436083186,Café
775,Lyall bay,-41.323407,174.7984817,Tandoori Heritage,-41.319888621893,174.79528178752992,Indian Restaurant
776,Lyall bay,-41.323407,174.7984817,The Duke of Roxburgh,-41.32500591730452,174.79301691055298,Bed & Breakfast
777,Lyall bay,-41.323407,174.7984817,Bed Bath & Beyond,-41.326644,174.802764,Furniture / Home Store
778,Lyall bay,-41.323407,174.7984817,Number One Shoes Lyall Bay,-41.326699465687554,174.8029249884306,Shoe Store
779,Lyall bay,-41.323407,174.7984817,The Warehouse,-41.32722432109951,174.80306333691425,Department Store
780,Lyall bay,-41.323407,174.7984817,Airport Retail Park,-41.326696937835294,174.80306765176178,Shopping Mall
781,Lyall bay,-41.323407,174.7984817,Briscoes,-41.32749165581433,174.80231037913825,Furniture / Home Store
782,Lyall bay,-41.323407,174.7984817,KFC,-41.31791859615176,174.79569762315438,Fast Food Restaurant
783,Lyall bay,-41.323407,174.7984817,Warehouse Stationery,-41.318652,174.795349,Paper / Office Supplies Store
784,Lyall bay,-41.323407,174.7984817,The Children's Bookshop,-41.31830010470017,174.79402820469016,Bookstore
785,Lyall bay,-41.323407,174.7984817,Subway,-41.31774405720117,174.79516784507746,Sandwich Place
786,Lyall bay,-41.323407,174.7984817,A1 Takeaways,-41.317846604836895,174.7947722043368,Fast Food Restaurant
787,Lyall bay,-41.323407,174.7984817,Melrose Haven B&B,-41.3214901,174.79040780000003,Bed & Breakfast
788,Kilbirnie,-41.3166456,174.7980932,ASB Sports Centre,-41.317227730472204,174.80200190686918,Recreation Center
789,Kilbirnie,-41.3166456,174.7980932,Wellington Regional Aquatic Centre,-41.315209663686,174.79386935716508,Pool
790,Kilbirnie,-41.3166456,174.7980932,Evans Bay,-41.312040756195614,174.7966432571411,Beach
791,Kilbirnie,-41.3166456,174.7980932,Countdown,-41.319160202058754,174.79488583736406,Supermarket
792,Kilbirnie,-41.3166456,174.7980932,PAK'nSAVE,-41.31880276981764,174.7964978529348,Supermarket
793,Kilbirnie,-41.3166456,174.7980932,KFC,-41.31791859615176,174.79569762315438,Fast Food Restaurant
794,Kilbirnie,-41.3166456,174.7980932,Subway,-41.31774405720117,174.79516784507746,Sandwich Place
795,Kilbirnie,-41.3166456,174.7980932,A1 Takeaways,-41.317846604836895,174.7947722043368,Fast Food Restaurant
796,Kilbirnie,-41.3166456,174.7980932,Warehouse Stationery,-41.318652,174.795349,Paper / Office Supplies Store
797,Kilbirnie,-41.3166456,174.7980932,Kilbirnie Park,-41.314448901669614,174.79494036729437,Rugby Pitch
798,Kilbirnie,-41.3166456,174.7980932,The Children's Bookshop,-41.31830010470017,174.79402820469016,Bookstore
799,Kilbirnie,-41.3166456,174.7980932,Tandoori Heritage,-41.319888621893,174.79528178752992,Indian Restaurant
800,Kilbirnie,-41.3166456,174.7980932,Sinbad Kebab House,-41.320377,174.796067,Middle Eastern Restaurant
801,Kilbirnie,-41.3166456,174.7980932,Poneke Rugby Club,-41.314653798941194,174.7933810190146,Rugby Pitch
802,Kilbirnie,-41.3166456,174.7980932,Zephyrometer,-41.312533187194184,174.7955773436935,Outdoor Sculpture
803,Kilbirnie,-41.3166456,174.7980932,Leo's Seafood,-41.32129479957644,174.8016715737983,Fish & Chips Shop
804,Kilbirnie,-41.3166456,174.7980932,Meridian Wind Sculpture Walkway,-41.31339410574742,174.79059345024615,Trail
805,Miramar,-41.3133541,174.8196538,Cafe Polo,-41.312820238831755,174.82287368547415,Café
806,Miramar,-41.3133541,174.8196538,Roxy Cinema,-41.31587450115309,174.81638590157783,Indie Movie Theater
807,Miramar,-41.3133541,174.8196538,Chocolate Frog Cafe,-41.31523986286129,174.815365613881,Café
808,Miramar,-41.3133541,174.8196538,Coco at The Roxy,-41.315957110426176,174.8164839965258,Restaurant
809,Miramar,-41.3133541,174.8196538,Miramar Palmers Gardenworld,-41.31528827499891,174.81536102300564,Garden Center
810,Miramar,-41.3133541,174.8196538,Park Kitchen,-41.31600318580647,174.8166179683758,Gastropub
811,Miramar,-41.3133541,174.8196538,La Boca Loca,-41.31533080884578,174.81672623371713,Mexican Restaurant
812,Miramar,-41.3133541,174.8196538,Rempah,-41.31611771201127,174.8164465726979,Malay Restaurant
813,Miramar,-41.3133541,174.8196538,Gasworks,-41.31423680693576,174.81396915361566,Gastropub
814,Miramar,-41.3133541,174.8196538,New World,-41.31600687228738,174.81458918343705,Supermarket
815,Miramar,-41.3133541,174.8196538,Seafood Plus,-41.313198796861776,174.81879918504643,Fish & Chips Shop
816,Miramar,-41.3133541,174.8196538,Oriental Rongotai Rugby Club,-41.315947166483646,174.81982810397417,Rugby Pitch
817,Miramar,-41.3133541,174.8196538,Supreme Bakery,-41.315775,174.816761,Bakery
818,Miramar,-41.3133541,174.8196538,Weta Experience 127,-41.30976984308409,174.8211503133362,Art Museum
819,Miramar,-41.3133541,174.8196538,Souvenir Factory Shop,-41.31370170625876,174.81425032533681,Gift Shop
820,Miramar,-41.3133541,174.8196538,Subway Miramar,-41.313906587255225,174.81422552748887,Sandwich Place
821,Miramar,-41.3133541,174.8196538,Domino's Pizza,-41.314076,174.814208,Pizza Place
822,Miramar,-41.3133541,174.8196538,Maia Crossfit,-41.31405457925084,174.8140853609646,Gym / Fitness Center
823,Miramar,-41.3133541,174.8196538,Tulsi,-41.313962590961125,174.8140284844873,Indian Restaurant
824,Miramar,-41.3133541,174.8196538,Alamir Bakery,-41.313995,174.813971,Bakery
825,Miramar,-41.3133541,174.8196538,Metro Miramar Seafoods,-41.313940029253416,174.8139599602378,Fish Market
826,Miramar,-41.3133541,174.8196538,Unichem Pharmacy Miramar,-41.31604580778569,174.81503248214722,Pharmacy
827,Miramar,-41.3133541,174.8196538,Civic Video Miramar,-41.31598188661032,174.8148514273231,Video Store
828,Miramar,-41.3133541,174.8196538,Liquorland - Miramar,-41.3159565632533,174.81475973421036,Liquor Store
829,Miramar,-41.3133541,174.8196538,Traditional Thai,-41.31560230702426,174.81442352486567,Thai Restaurant
830,Miramar,-41.3133541,174.8196538,Joe's Cook,-41.31600450633096,174.81471898166834,Asian Restaurant
831,Miramar,-41.3133541,174.8196538,Bongusto,-41.31613729479378,174.81469077787236,French Restaurant
832,Miramar,-41.3133541,174.8196538,jucy car rental,-41.31292915260867,174.81314489239173,Rental Car Location
833,Miramar,-41.3133541,174.8196538,Miramar Park,-41.30898617357605,174.82457005896265,Park
834,Miramar,-41.3133541,174.8196538,Thunderbirds are go!,-41.30751646687165,174.82209471612305,Exhibit
835,Miramar,-41.3133541,174.8196538,Miramar Wharf,-41.31383559826683,174.81080150728903,Pier
836,Seatoun,-41.3204044,174.8283014,Gipsy Kitchen,-41.32478290489376,174.82146418222837,Coffee Shop
837,Seatoun,-41.3204044,174.8283014,Souvlaki At Acropolis,-41.324367,174.82108409,Greek Restaurant
838,Seatoun,-41.3204044,174.8283014,Seatoun Wharf,-41.3192684163016,174.82997876630643,Pier
839,Seatoun,-41.3204044,174.8283014,Huckle & Co,-41.32251148511194,174.83120609432524,Fish & Chips Shop
840,Seatoun,-41.3204044,174.8283014,Seatoun Dairy,-41.322561766611976,174.8314087790209,Convenience Store
841,Seatoun,-41.3204044,174.8283014,Seatoun Beach,-41.32295755499378,174.83277968357314,Beach
842,Seatoun,-41.3204044,174.8283014,Wahine Memorial,-41.32210529727463,174.834623336792,Monument / Landmark
843,Seatoun,-41.3204044,174.8283014,Oruaiti Reserve,-41.32325062281645,174.83565684568458,Nature Preserve
844,Breaker bay,-41.3343158,174.8278178,Nudist Beach,-41.33146517738907,174.83033562428008,Nudist Beach
845,Breaker bay,-41.3343158,174.8278178,Breaker Bay,-41.331410672248765,174.83030979099738,Beach
846,Breaker bay,-41.3343158,174.8278178,Breaker Bay Play Area,-41.33742022915141,174.82393850025028,Playground
847,Breaker bay,-41.3343158,174.8278178,Beacon Hill,-41.32941,174.828425,Scenic Lookout
848,Breaker bay,-41.3343158,174.8278178,Morpheus,-41.329308,174.822323,Smoke Shop
849,Karaka bays,-41.3040596,174.8303183,The Larder,-41.30683515778064,174.8257068590217,Café
850,Karaka bays,-41.3040596,174.8303183,Scorch-O-Rama,-41.29802146944671,174.8323055961612,Café
851,Karaka bays,-41.3040596,174.8303183,Weta Cave,-41.306379890077686,174.82426768631112,Museum
852,Karaka bays,-41.3040596,174.8303183,Miramar Park,-41.30898617357605,174.82457005896265,Park
853,Maupuia,-41.302141,174.8202414,Weta Cave,-41.306379890077686,174.82426768631112,Museum
854,Maupuia,-41.302141,174.8202414,The Larder,-41.30683515778064,174.8257068590217,Café
855,Maupuia,-41.302141,174.8202414,Thunderbirds are go!,-41.30751646687165,174.82209471612305,Exhibit
856,Maupuia,-41.302141,174.8202414,Park Road Post Production,-41.30788202412481,174.82162742650925,Office
857,Melrose,-41.3248868,174.7897463,Maranui Cafe,-41.330411382607174,174.79341934957122,Café
858,Melrose,-41.3248868,174.7897463,Wellington Zoo,-41.319530078766796,174.78449546458353,Zoo
859,Melrose,-41.3248868,174.7897463,Lyall Bay Beach,-41.328688520341586,174.79618883433662,Beach
860,Melrose,-41.3248868,174.7897463,Elements Cafe,-41.32587810892148,174.7953211819828,Café
861,Melrose,-41.3248868,174.7897463,Queen Sally's Diamond Deli,-41.33072278653935,174.79174483299573,Deli / Bodega
862,Melrose,-41.3248868,174.7897463,The Botanist,-41.32893866984025,174.79546442627904,Vegetarian / Vegan Restaurant
863,Melrose,-41.3248868,174.7897463,Seaview Takeaways,-41.329704,174.794109,Fish & Chips Shop
864,Melrose,-41.3248868,174.7897463,Maranui Surf Life Saving Club,-41.33040452044519,174.7934524116195,Sports Club
865,Melrose,-41.3248868,174.7897463,Mojo Wellington Zoo,-41.31942872603003,174.7844911242465,Coffee Shop
866,Melrose,-41.3248868,174.7897463,Lyall Bay Surf Lifesaving Club,-41.32963410515227,174.79457856152837,Sports Club
867,Melrose,-41.3248868,174.7897463,Burkes Cycles,-41.31989287307472,174.79465499955768,Bike Shop
868,Melrose,-41.3248868,174.7897463,National Hockey Stadium,-41.325995373204506,174.78153696453293,Hockey Arena
869,Melrose,-41.3248868,174.7897463,Skipping Stone,-41.31966018676758,174.7944793701172,Café
870,Melrose,-41.3248868,174.7897463,Kilbirnie Fish & Chips,-41.32044508,174.795888,Fish & Chips Shop
871,Melrose,-41.3248868,174.7897463,Tandoori Heritage,-41.319888621893,174.79528178752992,Indian Restaurant
872,Melrose,-41.3248868,174.7897463,Sinbad Kebab House,-41.320377,174.796067,Middle Eastern Restaurant
873,Melrose,-41.3248868,174.7897463,Carlton Cafe,-41.32028340675023,174.79612081733495,Greek Restaurant
874,Moa point,-41.3408106,174.8119953,Moa point,-41.3408099603897,174.81078112960398,Scenic Lookout
875,Moa point,-41.3408106,174.8119953,Moa Point Reserve,-41.336718949924105,174.8100526225701,Nature Preserve
876,Moa point,-41.3408106,174.8119953,Tarakena Bay Boat Ramp,-41.342423035915715,174.8186159133911,Harbor / Marina
877,Rongotai,-41.3225538,174.8051655,ASB Sports Centre,-41.317227730472204,174.80200190686918,Recreation Center
878,Rongotai,-41.3225538,174.8051655,ParrotDog Brewery,-41.327199,174.800011,Brewery
879,Rongotai,-41.3225538,174.8051655,Spruce Goose,-41.32837483717062,174.80393145165405,Café
880,Rongotai,-41.3225538,174.8051655,Taste Of India,-41.32152544,174.813596,Indian Restaurant
881,Rongotai,-41.3225538,174.8051655,Kathmandu,-41.326488406570576,174.8038101196289,Sporting Goods Shop
882,Rongotai,-41.3225538,174.8051655,Mint,-41.32700088702812,174.80312593477137,Café
883,Rongotai,-41.3225538,174.8051655,Leo's Seafood,-41.32129479957644,174.8016715737983,Fish & Chips Shop
884,Rongotai,-41.3225538,174.8051655,Burger King,-41.32580696058503,174.81047562251968,Fast Food Restaurant
885,Rongotai,-41.3225538,174.8051655,Airport Retail Park,-41.326696937835294,174.80306765176178,Shopping Mall
886,Rongotai,-41.3225538,174.8051655,Bed Bath & Beyond,-41.326644,174.802764,Furniture / Home Store
887,Rongotai,-41.3225538,174.8051655,Number One Shoes Lyall Bay,-41.326699465687554,174.8029249884306,Shoe Store
888,Rongotai,-41.3225538,174.8051655,Airport Lookout,-41.31943595982289,174.8094861763433,Scenic Lookout
889,Rongotai,-41.3225538,174.8051655,The Warehouse,-41.32722432109951,174.80306333691425,Department Store
890,Rongotai,-41.3225538,174.8051655,Noel Leeming Lyall Bay,-41.327267,174.802397,Electronics Store
891,Rongotai,-41.3225538,174.8051655,Briscoes,-41.32749165581433,174.80231037913825,Furniture / Home Store
892,Rongotai,-41.3225538,174.8051655,Centennial Coffee House,-41.32688722893716,174.8004436083186,Café
893,Rongotai,-41.3225538,174.8051655,The Rock,-41.32810544063329,174.8096297785455,Airport Terminal
894,Roseneath,-41.2936973,174.8014593,Balaena Bay,-41.2920394232002,174.80272308117657,Beach
895,Roseneath,-41.2936973,174.8014593,Mount Victoria,-41.2959777857694,174.79421854019165,Mountain
896,Roseneath,-41.2936973,174.8014593,Kaffee Eis,-41.29126256643212,174.7944401820066,Ice Cream Shop
897,Roseneath,-41.2936973,174.8014593,Beach Babylon,-41.29136054447935,174.79395911334143,Café
898,Roseneath,-41.2936973,174.8014593,Oriental Bay Store,-41.290966272354126,174.795394,Convenience Store
899,Roseneath,-41.2936973,174.8014593,Carrello del Gelato,-41.291453,174.793935,Ice Cream Shop
900,Roseneath,-41.2936973,174.8014593,Byrd Memorial,-41.296961767134896,174.79381927153537,Monument / Landmark
901,Strathmore park,-41.3280838,174.8203755,Gipsy Kitchen,-41.32478290489376,174.82146418222837,Coffee Shop
902,Strathmore park,-41.3280838,174.8203755,Souvlaki At Acropolis,-41.324367,174.82108409,Greek Restaurant
903,Strathmore park,-41.3280838,174.8203755,Wellington Airport (WLG) (Wellington Airport),-41.32903028511746,174.81198289573544,Airport
904,Strathmore park,-41.3280838,174.8203755,Four Square,-41.32459500398355,174.82080459594727,Grocery Store
905,Strathmore park,-41.3280838,174.8203755,Hell Pizza,-41.3244282801624,174.8210352771972,Pizza Place
906,Strathmore park,-41.3280838,174.8203755,Strathmore Bakery and Cafe,-41.3244,174.82144094,Bakery
907,Strathmore park,-41.3280838,174.8203755,Crawford Green Park,-41.32166886272036,174.8221980394459,Park
908,Strathmore park,-41.3280838,174.8203755,Domestic Terminal,-41.32886515321212,174.81154561042786,Airport Terminal
909,Strathmore park,-41.3280838,174.8203755,Subway,-41.32912671037705,174.81160432223328,Sandwich Place
910,Grenada village,-41.2084858,174.8219008,Mark Avenue Park,-41.208155,174.819909,Park
911,Grenada village,-41.2084858,174.8219008,Seton Nossiter Park,-41.20815561325963,174.81992110336054,Park
912,Grenada village,-41.2084858,174.8219008,Grenada Village Playground,-41.208193,174.819923,Playground
913,Grenada village,-41.2084858,174.8219008,Bus Stop 3454,-41.20779082161611,174.81945104963452,Bus Station
914,Owhiro bay,-41.3407563,174.7591213,Owhiro Bay,-41.34517776868567,174.75962877273557,Neighborhood
915,Owhiro bay,-41.3407563,174.7591213,Frodo's tree,-41.34190561992756,174.7602373339685,Tree
916,Owhiro bay,-41.3407563,174.7591213,Owhiro Bay Play Area,-41.34321594238281,174.7598876953125,Playground
917,Owhiro bay,-41.3407563,174.7591213,Nautilus Creative Space,-41.343967,174.759194,Country Dance Club
918,Owhiro bay,-41.3407563,174.7591213,Happy Valley Park,-41.334779789042024,174.75790197165017,Park
